ISO-10303-21;
HEADER;
FILE_DESCRIPTION (( 'STEP AP203' ),
    '1' );
FILE_NAME ('K01-P-003.STEP',
    '2026-09-07T14:31:18',
    ( 'Windows User' ),
    ( '' ),
    'SwSTEP 2.0',
    'SolidWorks 2018',
    '' );
FILE_SCHEMA (( 'CONFIG_CONTROL_DESIGN' ));
ENDSEC;

DATA;
#1 = CARTESIAN_POINT ( 'NONE',  ( 2.632965887850490461, 0.000000000000000000, 3.299999999999999822 ) ) ;
#2 = EDGE_CURVE ( 'NONE', #522, #770, #1286, .T. ) ;
#3 = DIRECTION ( 'NONE',  ( 1.000000000000000000, 0.000000000000000000, 0.000000000000000000 ) ) ;
#4 = CARTESIAN_POINT ( 'NONE',  ( 2.682965887850491615, 0.000000000000000000, 0.000000000000000000 ) ) ;
#5 = CARTESIAN_POINT ( 'NONE',  ( 29.63296588785049224, -0.8876760388790482237, -12.73750000000000249 ) ) ;
#6 = DIRECTION ( 'NONE',  ( 1.000000000000000000, 0.000000000000000000, 0.000000000000000000 ) ) ;
#7 = ADVANCED_FACE ( 'NONE', ( #1260 ), #65, .F. ) ;
#8 = EDGE_CURVE ( 'NONE', #1597, #758, #1716, .T. ) ;
#9 = AXIS2_PLACEMENT_3D ( 'NONE', #951, #1389, #380 ) ;
#10 = FACE_OUTER_BOUND ( 'NONE', #916, .T. ) ;
#11 = CARTESIAN_POINT ( 'NONE',  ( 24.63296588785049224, 0.8876760388790511103, -13.76250000000000284 ) ) ;
#12 = CARTESIAN_POINT ( 'NONE',  ( -11.36703411214950954, 5.529280298150299197E-16, -4.514999999999999680 ) ) ;
#13 = FACE_OUTER_BOUND ( 'NONE', #70, .T. ) ;
#14 = CARTESIAN_POINT ( 'NONE',  ( 24.63296588785049224, 0.000000000000000000, 0.000000000000000000 ) ) ;
#15 = ORIENTED_EDGE ( 'NONE', *, *, #73, .T. ) ;
#16 = CYLINDRICAL_SURFACE ( 'NONE', #1394, 3.299999999999999822 ) ;
#17 = ADVANCED_FACE ( 'NONE', ( #1209 ), #735, .F. ) ;
#18 = ORIENTED_EDGE ( 'NONE', *, *, #1693, .T. ) ;
#19 = FACE_BOUND ( 'NONE', #697, .T. ) ;
#20 = CARTESIAN_POINT ( 'NONE',  ( 24.63296588785049224, 0.000000000000000000, 0.000000000000000000 ) ) ;
#21 = AXIS2_PLACEMENT_3D ( 'NONE', #1139, #854, #602 ) ;
#22 = VERTEX_POINT ( 'NONE', #1424 ) ;
#23 = DIRECTION ( 'NONE',  ( -1.000000000000000000, -0.000000000000000000, -0.000000000000000000 ) ) ;
#24 = AXIS2_PLACEMENT_3D ( 'NONE', #1792, #759, #1069 ) ;
#25 = EDGE_LOOP ( 'NONE', ( #1841, #806 ) ) ;
#26 = DIRECTION ( 'NONE',  ( 0.000000000000000000, 0.000000000000000000, -1.000000000000000000 ) ) ;
#27 = CARTESIAN_POINT ( 'NONE',  ( 2.632965887850490461, 0.000000000000000000, 0.000000000000000000 ) ) ;
#28 = CARTESIAN_POINT ( 'NONE',  ( 15.63296588785049046, 0.000000000000000000, 4.514999999999999680 ) ) ;
#29 = CARTESIAN_POINT ( 'NONE',  ( 2.632965887850490461, 0.000000000000000000, 0.000000000000000000 ) ) ;
#30 = CALENDAR_DATE ( 2026, 7, 9 ) ;
#31 = EDGE_CURVE ( 'NONE', #1455, #1170, #1450, .T. ) ;
#32 = CC_DESIGN_APPROVAL ( #1296, ( #706 ) ) ;
#33 = LOCAL_TIME ( 17, 31, 18.00000000000000000, #375 ) ;
#34 = ORIENTED_EDGE ( 'NONE', *, *, #368, .F. ) ;
#35 = CARTESIAN_POINT ( 'NONE',  ( 24.63296588785049224, 2.020667218593133100E-15, 16.50000000000000000 ) ) ;
#36 = VECTOR ( 'NONE', #777, 1000.000000000000000 ) ;
#37 = DIRECTION ( 'NONE',  ( -1.000000000000000000, -0.000000000000000000, -0.000000000000000000 ) ) ;
#38 = CARTESIAN_POINT ( 'NONE',  ( 31.13296588785049224, 0.000000000000000000, 0.000000000000000000 ) ) ;
#39 = VECTOR ( 'NONE', #589, 1000.000000000000000 ) ;
#40 = VERTEX_POINT ( 'NONE', #676 ) ;
#41 = DIRECTION ( 'NONE',  ( 0.000000000000000000, 0.000000000000000000, -1.000000000000000000 ) ) ;
#42 = CIRCLE ( 'NONE', #527, 6.000000000000000888 ) ;
#43 = PLANE ( 'NONE',  #411 ) ;
#44 = ORIENTED_EDGE ( 'NONE', *, *, #615, .T. ) ;
#45 = ORIENTED_EDGE ( 'NONE', *, *, #204, .T. ) ;
#46 = DIRECTION ( 'NONE',  ( 0.000000000000000000, 0.000000000000000000, 1.000000000000000000 ) ) ;
#47 = CARTESIAN_POINT ( 'NONE',  ( 23.63296588785049224, -4.315000000000000391, 1.328909327230415771 ) ) ;
#48 = EDGE_CURVE ( 'NONE', #1425, #182, #111, .T. ) ;
#49 = DIRECTION ( 'NONE',  ( 0.000000000000000000, 0.000000000000000000, 1.000000000000000000 ) ) ;
#50 = AXIS2_PLACEMENT_3D ( 'NONE', #273, #1567, #1292 ) ;
#51 = CARTESIAN_POINT ( 'NONE',  ( -2.367034112149509983, 0.000000000000000000, 0.000000000000000000 ) ) ;
#52 = DIRECTION ( 'NONE',  ( 0.000000000000000000, 0.000000000000000000, 1.000000000000000000 ) ) ;
#53 = CARTESIAN_POINT ( 'NONE',  ( -11.36703411214950954, 0.000000000000000000, 0.000000000000000000 ) ) ;
#54 = CARTESIAN_POINT ( 'NONE',  ( -11.36703411214950954, 4.041334437186265510E-16, -3.299999999999999822 ) ) ;
#55 = AXIS2_PLACEMENT_3D ( 'NONE', #478, #1495, #1522 ) ;
#56 = PERSON_AND_ORGANIZATION ( #1273, #1801 ) ;
#57 = CARTESIAN_POINT ( 'NONE',  ( 24.63296588785049224, -11.47483660014381535, 6.624999999999995559 ) ) ;
#58 = LINE ( 'NONE', #1701, #394 ) ;
#59 = DIRECTION ( 'NONE',  ( 1.000000000000000000, 0.000000000000000000, 0.000000000000000000 ) ) ;
#60 = CIRCLE ( 'NONE', #1233, 2.799999999999999822 ) ;
#61 = ORIENTED_EDGE ( 'NONE', *, *, #1504, .F. ) ;
#62 = CIRCLE ( 'NONE', #1845, 16.50000000000000000 ) ;
#63 = CARTESIAN_POINT ( 'NONE',  ( 28.53296588785049082, 1.236893267138826614E-15, 10.09999999999999964 ) ) ;
#64 = EDGE_LOOP ( 'NONE', ( #1054, #369, #1387, #371 ) ) ;
#65 = CYLINDRICAL_SURFACE ( 'NONE', #1611, 3.500000000000000000 ) ;
#66 = DIRECTION ( 'NONE',  ( 1.000000000000000000, 0.000000000000000000, 0.000000000000000000 ) ) ;
#67 = ORIENTED_EDGE ( 'NONE', *, *, #898, .F. ) ;
#68 = CARTESIAN_POINT ( 'NONE',  ( 24.63296588785049224, 1.734723475976807094E-15, -13.25000000000000178 ) ) ;
#69 = EDGE_CURVE ( 'NONE', #1741, #266, #217, .T. ) ;
#70 = EDGE_LOOP ( 'NONE', ( #1789, #1382, #1490, #493 ) ) ;
#71 = DIRECTION ( 'NONE',  ( 1.000000000000000000, 0.000000000000000000, 0.000000000000000000 ) ) ;
#72 = APPROVAL_ROLE ( '' ) ;
#73 = EDGE_CURVE ( 'NONE', #1638, #562, #1030, .T. ) ;
#74 = EDGE_LOOP ( 'NONE', ( #1259, #925 ) ) ;
#75 = ORIENTED_EDGE ( 'NONE', *, *, #1820, .T. ) ;
#76 = CARTESIAN_POINT ( 'NONE',  ( -5.367034112149509539, -5.999999999999904965, 10.39230484541332089 ) ) ;
#77 = PERSON_AND_ORGANIZATION ( #1273, #1801 ) ;
#78 = APPROVAL_STATUS ( 'not_yet_approved' ) ;
#79 = LINE ( 'NONE', #35, #1688 ) ;
#80 = APPROVAL ( #955, 'UNSPECIFIED' ) ;
#81 = CARTESIAN_POINT ( 'NONE',  ( -5.367034112149509539, 0.000000000000000000, 17.00000000000000355 ) ) ;
#82 = VECTOR ( 'NONE', #123, 1000.000000000000000 ) ;
#83 = AXIS2_PLACEMENT_3D ( 'NONE', #461, #1496, #756 ) ;
#84 = CARTESIAN_POINT ( 'NONE',  ( -5.367034112149509539, -6.000000000000050626, -8.142304845413242731 ) ) ;
#85 = ORIENTED_EDGE ( 'NONE', *, *, #457, .T. ) ;
#86 = CIRCLE ( 'NONE', #1176, 4.514999999999999680 ) ;
#87 = EDGE_CURVE ( 'NONE', #987, #1246, #943, .T. ) ;
#88 = CARTESIAN_POINT ( 'NONE',  ( 0.000000000000000000, 0.000000000000000000, 0.000000000000000000 ) ) ;
#89 = VERTEX_POINT ( 'NONE', #549 ) ;
#90 = DIRECTION ( 'NONE',  ( -1.000000000000000000, -0.000000000000000000, -0.000000000000000000 ) ) ;
#91 = ORIENTED_EDGE ( 'NONE', *, *, #674, .F. ) ;
#92 = CARTESIAN_POINT ( 'NONE',  ( 2.632965887850490461, 4.041334437186265510E-16, -3.299999999999999822 ) ) ;
#93 = EDGE_LOOP ( 'NONE', ( #1578, #1516 ) ) ;
#94 = EDGE_LOOP ( 'NONE', ( #245, #1608 ) ) ;
#95 = CARTESIAN_POINT ( 'NONE',  ( 31.13296588785049224, 0.000000000000000000, 0.000000000000000000 ) ) ;
#96 = AXIS2_PLACEMENT_3D ( 'NONE', #1816, #941, #383 ) ;
#97 = CARTESIAN_POINT ( 'NONE',  ( -2.367034112149507319, -5.999999999999904965, 8.142304845413326220 ) ) ;
#98 = PERSON_AND_ORGANIZATION_ROLE ( 'design_supplier' ) ;
#99 = EDGE_CURVE ( 'NONE', #1655, #757, #560, .T. ) ;
#100 = CARTESIAN_POINT ( 'NONE',  ( 29.63296588785049224, -11.47483660014381535, 6.624999999999995559 ) ) ;
#101 = SHAPE_DEFINITION_REPRESENTATION ( #1488, #798 ) ;
#102 = DIRECTION ( 'NONE',  ( 1.000000000000000000, 0.000000000000000000, 0.000000000000000000 ) ) ;
#103 = LINE ( 'NONE', #1056, #1756 ) ;
#104 = FACE_OUTER_BOUND ( 'NONE', #128, .T. ) ;
#105 = EDGE_CURVE ( 'NONE', #1860, #1342, #1561, .T. ) ;
#106 = ORIENTED_EDGE ( 'NONE', *, *, #852, .T. ) ;
#107 = CIRCLE ( 'NONE', #96, 3.299999999999999822 ) ;
#108 = CC_DESIGN_PERSON_AND_ORGANIZATION_ASSIGNMENT ( #1505, #1226, ( #1668 ) ) ;
#109 = CARTESIAN_POINT ( 'NONE',  ( 24.63296588785049224, 2.020667218593133100E-15, 16.50000000000000000 ) ) ;
#110 = EDGE_LOOP ( 'NONE', ( #512, #1507 ) ) ;
#111 = CIRCLE ( 'NONE', #805, 6.000000000000000888 ) ;
#112 = EDGE_LOOP ( 'NONE', ( #1185, #1007, #1158, #455 ) ) ;
#113 = DIRECTION ( 'NONE',  ( 0.000000000000000000, 0.000000000000000000, -1.000000000000000000 ) ) ;
#114 = DIRECTION ( 'NONE',  ( 1.000000000000000000, 0.000000000000000000, 0.000000000000000000 ) ) ;
#115 = CARTESIAN_POINT ( 'NONE',  ( 28.53296588785049082, 9.797174393178825657E-16, 8.000000000000000000 ) ) ;
#116 = ORIENTED_EDGE ( 'NONE', *, *, #2, .T. ) ;
#117 = CC_DESIGN_DATE_AND_TIME_ASSIGNMENT ( #323, #1822, ( #503 ) ) ;
#118 = DIRECTION ( 'NONE',  ( 1.000000000000000000, 0.000000000000000000, 0.000000000000000000 ) ) ;
#119 = AXIS2_PLACEMENT_3D ( 'NONE', #630, #1660, #507 ) ;
#120 = CARTESIAN_POINT ( 'NONE',  ( 24.63296588785049224, -0.8876760388790482237, -12.73750000000000249 ) ) ;
#121 = DIRECTION ( 'NONE',  ( -1.000000000000000000, -0.000000000000000000, -0.000000000000000000 ) ) ;
#122 = LINE ( 'NONE', #487, #1615 ) ;
#123 = DIRECTION ( 'NONE',  ( -1.000000000000000000, -0.000000000000000000, -0.000000000000000000 ) ) ;
#124 = CARTESIAN_POINT ( 'NONE',  ( 31.13296588785049224, 8.633759933988839975E-16, -7.049999999999999822 ) ) ;
#125 = CARTESIAN_POINT ( 'NONE',  ( 23.63296588785049224, 0.000000000000000000, 0.000000000000000000 ) ) ;
#126 = FACE_BOUND ( 'NONE', #1799, .T. ) ;
#127 = EDGE_CURVE ( 'NONE', #636, #1285, #359, .T. ) ;
#128 = EDGE_LOOP ( 'NONE', ( #578, #1378, #1042, #1653 ) ) ;
#129 = LINE ( 'NONE', #1027, #672 ) ;
#130 = CC_DESIGN_SECURITY_CLASSIFICATION ( #1723, ( #588 ) ) ;
#131 = ORIENTED_EDGE ( 'NONE', *, *, #1214, .F. ) ;
#132 = EDGE_CURVE ( 'NONE', #1401, #152, #1055, .T. ) ;
#133 = CARTESIAN_POINT ( 'NONE',  ( -11.36703411214950954, 8.572527594031473190E-16, -7.000000000000000000 ) ) ;
#134 = DIRECTION ( 'NONE',  ( 1.000000000000000000, 0.000000000000000000, 0.000000000000000000 ) ) ;
#135 = ADVANCED_FACE ( 'NONE', ( #156 ), #919, .T. ) ;
#136 = DIRECTION ( 'NONE',  ( 0.000000000000000000, 0.000000000000000000, 1.000000000000000000 ) ) ;
#137 = ADVANCED_FACE ( 'NONE', ( #536, #782, #1335, #1514, #177 ), #1441, .F. ) ;
#138 = EDGE_CURVE ( 'NONE', #1709, #1206, #581, .T. ) ;
#139 = DIRECTION ( 'NONE',  ( -1.000000000000000000, -0.000000000000000000, -0.000000000000000000 ) ) ;
#140 = CARTESIAN_POINT ( 'NONE',  ( -5.367034112149509539, 6.123233995736766282E-16, -5.000000000000000000 ) ) ;
#141 = CARTESIAN_POINT ( 'NONE',  ( 24.63296588785049224, 0.000000000000000000, 0.000000000000000000 ) ) ;
#142 = AXIS2_PLACEMENT_3D ( 'NONE', #1237, #102, #390 ) ;
#143 = DIRECTION ( 'NONE',  ( -1.000000000000000000, -0.000000000000000000, -0.000000000000000000 ) ) ;
#144 = COORDINATED_UNIVERSAL_TIME_OFFSET ( 2, 0, .AHEAD. ) ;
#145 = ADVANCED_FACE ( 'NONE', ( #1405 ), #402, .F. ) ;
#146 = DIRECTION ( 'NONE',  ( -1.000000000000000000, -0.000000000000000000, -0.000000000000000000 ) ) ;
#147 = CYLINDRICAL_SURFACE ( 'NONE', #1568, 5.458499999999999908 ) ;
#148 = ADVANCED_FACE ( 'NONE', ( #19, #1118, #1856, #1671, #1470 ), #1727, .T. ) ;
#149 = FACE_BOUND ( 'NONE', #935, .T. ) ;
#150 = ORIENTED_EDGE ( 'NONE', *, *, #755, .T. ) ;
#151 = DIRECTION ( 'NONE',  ( 0.000000000000000000, 0.000000000000000000, -1.000000000000000000 ) ) ;
#152 = VERTEX_POINT ( 'NONE', #1294 ) ;
#153 = CIRCLE ( 'NONE', #990, 1.024999999999999689 ) ;
#154 = AXIS2_PLACEMENT_3D ( 'NONE', #1717, #399, #572 ) ;
#155 = ORIENTED_EDGE ( 'NONE', *, *, #649, .T. ) ;
#156 = FACE_OUTER_BOUND ( 'NONE', #641, .T. ) ;
#157 = AXIS2_PLACEMENT_3D ( 'NONE', #400, #267, #1257 ) ;
#158 = ORIENTED_EDGE ( 'NONE', *, *, #1125, .F. ) ;
#159 = ADVANCED_FACE ( 'NONE', ( #988 ), #894, .F. ) ;
#160 = ADVANCED_FACE ( 'NONE', ( #695 ), #308, .F. ) ;
#161 = DIRECTION ( 'NONE',  ( 0.000000000000000000, 0.000000000000000000, -1.000000000000000000 ) ) ;
#162 = ORIENTED_EDGE ( 'NONE', *, *, #1386, .T. ) ;
#163 = DIRECTION ( 'NONE',  ( 1.000000000000000000, 0.000000000000000000, 0.000000000000000000 ) ) ;
#164 = EDGE_CURVE ( 'NONE', #1010, #1085, #264, .T. ) ;
#165 = DIRECTION ( 'NONE',  ( -1.000000000000000000, -0.000000000000000000, -0.000000000000000000 ) ) ;
#166 = ADVANCED_FACE ( 'NONE', ( #1426, #1652 ), #1731, .T. ) ;
#167 = CIRCLE ( 'NONE', #1545, 1.024999999999999689 ) ;
#168 = ORIENTED_EDGE ( 'NONE', *, *, #622, .T. ) ;
#169 = PLANE ( 'NONE',  #336 ) ;
#170 = EDGE_CURVE ( 'NONE', #1117, #834, #870, .T. ) ;
#171 = CYLINDRICAL_SURFACE ( 'NONE', #850, 7.049999999999999822 ) ;
#172 = DIRECTION ( 'NONE',  ( -0.000000000000000000, -0.000000000000000000, 1.000000000000000000 ) ) ;
#173 = FACE_BOUND ( 'NONE', #94, .T. ) ;
#174 = CARTESIAN_POINT ( 'NONE',  ( 29.63296588785049224, -11.47483660014381535, 6.624999999999995559 ) ) ;
#175 = ORIENTED_EDGE ( 'NONE', *, *, #1867, .F. ) ;
#176 = ORIENTED_EDGE ( 'NONE', *, *, #429, .F. ) ;
#177 = FACE_OUTER_BOUND ( 'NONE', #975, .T. ) ;
#178 = AXIS2_PLACEMENT_3D ( 'NONE', #1681, #1148, #639 ) ;
#179 = VERTEX_POINT ( 'NONE', #140 ) ;
#180 = AXIS2_PLACEMENT_3D ( 'NONE', #1049, #331, #903 ) ;
#181 = EDGE_CURVE ( 'NONE', #757, #1655, #1011, .T. ) ;
#182 = VERTEX_POINT ( 'NONE', #1719 ) ;
#183 = PRODUCT_DEFINITION_SHAPE ( 'NONE', 'NONE',  #503 ) ;
#184 = DIRECTION ( 'NONE',  ( -1.000000000000000000, -0.000000000000000000, -0.000000000000000000 ) ) ;
#185 = EDGE_CURVE ( 'NONE', #1274, #216, #1763, .T. ) ;
#186 = APPROVAL_DATE_TIME ( #1550, #80 ) ;
#187 = ORIENTED_EDGE ( 'NONE', *, *, #1820, .F. ) ;
#188 = CIRCLE ( 'NONE', #1173, 4.514999999999999680 ) ;
#189 = CIRCLE ( 'NONE', #1070, 5.000000000000000000 ) ;
#190 = ORIENTED_EDGE ( 'NONE', *, *, #1433, .F. ) ;
#191 = LINE ( 'NONE', #115, #427 ) ;
#192 = DIRECTION ( 'NONE',  ( 1.000000000000000000, -0.000000000000000000, -0.000000000000000000 ) ) ;
#193 = ORIENTED_EDGE ( 'NONE', *, *, #1830, .F. ) ;
#194 = FACE_OUTER_BOUND ( 'NONE', #1472, .T. ) ;
#195 = DIRECTION ( 'NONE',  ( -1.000000000000000000, -0.000000000000000000, -0.000000000000000000 ) ) ;
#196 = ORIENTED_EDGE ( 'NONE', *, *, #457, .F. ) ;
#197 = CARTESIAN_POINT ( 'NONE',  ( -11.36703411214950954, 0.000000000000000000, 0.000000000000000000 ) ) ;
#198 = DIRECTION ( 'NONE',  ( -1.000000000000000000, -0.000000000000000000, -0.000000000000000000 ) ) ;
#199 = EDGE_CURVE ( 'NONE', #1860, #1174, #651, .T. ) ;
#200 = CARTESIAN_POINT ( 'NONE',  ( -5.367034112149509539, 12.00000000000000178, 0.000000000000000000 ) ) ;
#201 = AXIS2_PLACEMENT_3D ( 'NONE', #20, #163, #151 ) ;
#202 = EDGE_LOOP ( 'NONE', ( #238, #1123 ) ) ;
#203 = DIRECTION ( 'NONE',  ( -1.000000000000000000, -0.000000000000000000, -0.000000000000000000 ) ) ;
#204 = EDGE_CURVE ( 'NONE', #1638, #1274, #1836, .T. ) ;
#205 = DIRECTION ( 'NONE',  ( 0.000000000000000000, -0.000000000000000000, 1.000000000000000000 ) ) ;
#206 = DIRECTION ( 'NONE',  ( 0.000000000000000000, 0.000000000000000000, 1.000000000000000000 ) ) ;
#207 = APPROVAL_ROLE ( '' ) ;
#208 = AXIS2_PLACEMENT_3D ( 'NONE', #1065, #1368, #1503 ) ;
#209 = COORDINATED_UNIVERSAL_TIME_OFFSET ( 2, 0, .AHEAD. ) ;
#210 = CYLINDRICAL_SURFACE ( 'NONE', #923, 2.249999999999995115 ) ;
#211 = AXIS2_PLACEMENT_3D ( 'NONE', #928, #192, #366 ) ;
#212 = CARTESIAN_POINT ( 'NONE',  ( 29.63296588785049224, 1.734723475976807094E-15, -13.25000000000000178 ) ) ;
#213 = LINE ( 'NONE', #1815, #1485 ) ;
#214 = CIRCLE ( 'NONE', #50, 6.000000000000000888 ) ;
#215 = CARTESIAN_POINT ( 'NONE',  ( -2.367034112149507319, -6.000000000000050626, -12.64230484541323563 ) ) ;
#216 = VERTEX_POINT ( 'NONE', #839 ) ;
#217 = CIRCLE ( 'NONE', #575, 5.458499999999999908 ) ;
#218 = CARTESIAN_POINT ( 'NONE',  ( 29.63296588785049224, 0.000000000000000000, -10.09999999999999964 ) ) ;
#219 = EDGE_LOOP ( 'NONE', ( #45, #1632 ) ) ;
#220 = APPLICATION_CONTEXT ( 'configuration controlled 3d designs of mechanical parts and assemblies' ) ;
#221 = DIRECTION ( 'NONE',  ( 1.000000000000000000, 0.000000000000000000, 0.000000000000000000 ) ) ;
#222 = EDGE_CURVE ( 'NONE', #361, #948, #129, .T. ) ;
#223 = ORIENTED_EDGE ( 'NONE', *, *, #265, .T. ) ;
#224 = DIRECTION ( 'NONE',  ( 1.000000000000000000, 0.000000000000000000, 0.000000000000000000 ) ) ;
#225 = DIRECTION ( 'NONE',  ( 1.000000000000000000, 0.000000000000000000, 0.000000000000000000 ) ) ;
#226 = CARTESIAN_POINT ( 'NONE',  ( 2.682965887850491615, 0.000000000000000000, 3.950000000000000178 ) ) ;
#227 = ORIENTED_EDGE ( 'NONE', *, *, #1197, .T. ) ;
#228 = DIRECTION ( 'NONE',  ( 0.000000000000000000, 0.000000000000000000, 1.000000000000000000 ) ) ;
#229 = LOCAL_TIME ( 17, 31, 18.00000000000000000, #1220 ) ;
#230 = PLANE ( 'NONE',  #883 ) ;
#231 = LOCAL_TIME ( 17, 31, 18.00000000000000000, #1023 ) ;
#232 = EDGE_CURVE ( 'NONE', #741, #1098, #627, .T. ) ;
#233 = ORIENTED_EDGE ( 'NONE', *, *, #138, .T. ) ;
#234 = CYLINDRICAL_SURFACE ( 'NONE', #21, 4.514999999999999680 ) ;
#235 = AXIS2_PLACEMENT_3D ( 'NONE', #1180, #596, #1634 ) ;
#236 = CYLINDRICAL_SURFACE ( 'NONE', #660, 1.024999999999999911 ) ;
#237 = DIRECTION ( 'NONE',  ( 1.000000000000000000, 0.000000000000000000, 0.000000000000000000 ) ) ;
#238 = ORIENTED_EDGE ( 'NONE', *, *, #557, .F. ) ;
#239 = VECTOR ( 'NONE', #1810, 1000.000000000000000 ) ;
#240 = CARTESIAN_POINT ( 'NONE',  ( -5.367034112149509539, 12.00000000000000178, 0.000000000000000000 ) ) ;
#241 = EDGE_LOOP ( 'NONE', ( #607, #1079 ) ) ;
#242 = FACE_OUTER_BOUND ( 'NONE', #1751, .T. ) ;
#243 = CARTESIAN_POINT ( 'NONE',  ( 24.63296588785049224, 0.000000000000000000, -16.50000000000000000 ) ) ;
#244 = AXIS2_PLACEMENT_3D ( 'NONE', #350, #1637, #1643 ) ;
#245 = ORIENTED_EDGE ( 'NONE', *, *, #31, .T. ) ;
#246 = DIRECTION ( 'NONE',  ( -1.000000000000000000, 0.000000000000000000, 0.000000000000000000 ) ) ;
#247 = ORIENTED_EDGE ( 'NONE', *, *, #1001, .T. ) ;
#248 = AXIS2_PLACEMENT_3D ( 'NONE', #1346, #1465, #1630 ) ;
#249 = PLANE ( 'NONE',  #684 ) ;
#250 = ORIENTED_EDGE ( 'NONE', *, *, #181, .T. ) ;
#251 = ORIENTED_EDGE ( 'NONE', *, *, #1009, .T. ) ;
#252 = DIRECTION ( 'NONE',  ( 0.000000000000000000, 0.000000000000000000, 1.000000000000000000 ) ) ;
#253 = DIRECTION ( 'NONE',  ( -0.000000000000000000, 0.000000000000000000, 1.000000000000000000 ) ) ;
#254 = DATE_AND_TIME ( #1734, #1459 ) ;
#255 = DIRECTION ( 'NONE',  ( -1.000000000000000000, -0.000000000000000000, -0.000000000000000000 ) ) ;
#256 = FACE_OUTER_BOUND ( 'NONE', #269, .T. ) ;
#257 = CARTESIAN_POINT ( 'NONE',  ( 23.63296588785049224, 0.000000000000000000, 0.000000000000000000 ) ) ;
#258 = CARTESIAN_POINT ( 'NONE',  ( -5.367034112149509539, 12.00000000000000178, -2.249999999999996891 ) ) ;
#259 = FACE_OUTER_BOUND ( 'NONE', #678, .T. ) ;
#260 = EDGE_CURVE ( 'NONE', #1219, #426, #1361, .T. ) ;
#261 = CIRCLE ( 'NONE', #878, 3.299999999999999822 ) ;
#262 = DIRECTION ( 'NONE',  ( 0.000000000000000000, 0.000000000000000000, 1.000000000000000000 ) ) ;
#263 = ORIENTED_EDGE ( 'NONE', *, *, #138, .F. ) ;
#264 = LINE ( 'NONE', #853, #1077 ) ;
#265 = EDGE_CURVE ( 'NONE', #564, #1401, #965, .T. ) ;
#266 = VERTEX_POINT ( 'NONE', #1300 ) ;
#267 = DIRECTION ( 'NONE',  ( -1.000000000000000000, 0.000000000000000000, 0.000000000000000000 ) ) ;
#268 = DIRECTION ( 'NONE',  ( 0.000000000000000000, 0.000000000000000000, 1.000000000000000000 ) ) ;
#269 = EDGE_LOOP ( 'NONE', ( #1021, #760, #970, #785 ) ) ;
#270 = AXIS2_PLACEMENT_3D ( 'NONE', #1408, #1239, #403 ) ;
#271 = CARTESIAN_POINT ( 'NONE',  ( -5.367034112149509539, -6.000000000000050626, -10.39230484541323918 ) ) ;
#272 = AXIS2_PLACEMENT_3D ( 'NONE', #837, #1852, #1134 ) ;
#273 = CARTESIAN_POINT ( 'NONE',  ( 29.63296588785049224, 0.000000000000000000, 0.000000000000000000 ) ) ;
#274 = CARTESIAN_POINT ( 'NONE',  ( -2.367034112149509983, 0.000000000000000000, 0.000000000000000000 ) ) ;
#275 = APPROVAL_PERSON_ORGANIZATION ( #1129, #422, #207 ) ;
#276 = CARTESIAN_POINT ( 'NONE',  ( 23.63296588785049224, 0.000000000000000000, 0.000000000000000000 ) ) ;
#277 = LINE ( 'NONE', #499, #1781 ) ;
#278 = FACE_BOUND ( 'NONE', #1325, .T. ) ;
#279 = DIRECTION ( 'NONE',  ( 0.000000000000000000, 0.000000000000000000, 1.000000000000000000 ) ) ;
#280 = AXIS2_PLACEMENT_3D ( 'NONE', #1834, #809, #376 ) ;
#281 = ORIENTED_EDGE ( 'NONE', *, *, #1161, .F. ) ;
#282 = ORIENTED_EDGE ( 'NONE', *, *, #1258, .F. ) ;
#283 = VECTOR ( 'NONE', #907, 1000.000000000000000 ) ;
#284 = EDGE_LOOP ( 'NONE', ( #409, #1166, #233, #670 ) ) ;
#285 = ORIENTED_EDGE ( 'NONE', *, *, #1471, .F. ) ;
#286 = ADVANCED_FACE ( 'NONE', ( #242 ), #1309, .F. ) ;
#287 = DIRECTION ( 'NONE',  ( 0.000000000000000000, 0.000000000000000000, -1.000000000000000000 ) ) ;
#288 = ADVANCED_FACE ( 'NONE', ( #194 ), #382, .F. ) ;
#289 = MANIFOLD_SOLID_BREP ( 'K01_F_J2_C2R1_PILOT_D14p10_ID12p00_g6_L1p50', #453 ) ;
#290 = EDGE_LOOP ( 'NONE', ( #964, #1469 ) ) ;
#291 = DIRECTION ( 'NONE',  ( 0.000000000000000000, 0.000000000000000000, -1.000000000000000000 ) ) ;
#292 = EDGE_CURVE ( 'NONE', #179, #1715, #1695, .T. ) ;
#293 = CARTESIAN_POINT ( 'NONE',  ( 24.63296588785049224, 0.8876760388790515544, -13.76250000000000284 ) ) ;
#294 = ADVANCED_FACE ( 'NONE', ( #1229, #516 ), #43, .T. ) ;
#295 = AXIS2_PLACEMENT_3D ( 'NONE', #1393, #1234, #1676 ) ;
#296 = ADVANCED_FACE ( 'NONE', ( #1692 ), #668, .F. ) ;
#297 = DIRECTION ( 'NONE',  ( 1.000000000000000000, 0.000000000000000000, 0.000000000000000000 ) ) ;
#298 = ORIENTED_EDGE ( 'NONE', *, *, #332, .T. ) ;
#299 = ORIENTED_EDGE ( 'NONE', *, *, #1430, .F. ) ;
#300 = CARTESIAN_POINT ( 'NONE',  ( -11.36703411214950954, 0.000000000000000000, 0.000000000000000000 ) ) ;
#301 = FACE_OUTER_BOUND ( 'NONE', #1529, .T. ) ;
#302 = CIRCLE ( 'NONE', #750, 7.049999999999999822 ) ;
#303 = CARTESIAN_POINT ( 'NONE',  ( 31.13296588785049224, 0.000000000000000000, 7.049999999999999822 ) ) ;
#304 = DIRECTION ( 'NONE',  ( -1.000000000000000000, -0.000000000000000000, -0.000000000000000000 ) ) ;
#305 = LINE ( 'NONE', #1575, #1579 ) ;
#306 = AXIS2_PLACEMENT_3D ( 'NONE', #141, #6, #1268 ) ;
#307 = EDGE_LOOP ( 'NONE', ( #810, #251, #150, #91 ) ) ;
#308 = CYLINDRICAL_SURFACE ( 'NONE', #792, 2.249999999999996891 ) ;
#309 = DIRECTION ( 'NONE',  ( 0.000000000000000000, 0.000000000000000000, 1.000000000000000000 ) ) ;
#310 = AXIS2_PLACEMENT_3D ( 'NONE', #1690, #1102, #1253 ) ;
#311 = EDGE_LOOP ( 'NONE', ( #67, #847, #1142, #1313 ) ) ;
#312 = CARTESIAN_POINT ( 'NONE',  ( -5.367034112149509539, 2.081899558550500674E-15, -17.00000000000000355 ) ) ;
#313 = DIRECTION ( 'NONE',  ( 1.000000000000000000, 0.000000000000000000, 0.000000000000000000 ) ) ;
#314 = ORIENTED_EDGE ( 'NONE', *, *, #764, .F. ) ;
#315 = ADVANCED_FACE ( 'NONE', ( #778 ), #16, .F. ) ;
#316 = DIRECTION ( 'NONE',  ( 0.000000000000000000, 0.000000000000000000, -1.000000000000000000 ) ) ;
#317 = EDGE_CURVE ( 'NONE', #1589, #152, #1097, .T. ) ;
#318 = CARTESIAN_POINT ( 'NONE',  ( 15.63296588785049401, -4.315000000000000391, -1.328909327230415771 ) ) ;
#319 = DIRECTION ( 'NONE',  ( 1.000000000000000000, 0.000000000000000000, 0.000000000000000000 ) ) ;
#320 = ORIENTED_EDGE ( 'NONE', *, *, #364, .T. ) ;
#321 = DATE_AND_TIME ( #1776, #1684 ) ;
#322 = DIRECTION ( 'NONE',  ( -1.000000000000000000, -0.000000000000000000, -0.000000000000000000 ) ) ;
#323 = DATE_AND_TIME ( #1777, #33 ) ;
#324 = DIRECTION ( 'NONE',  ( 0.000000000000000000, 0.000000000000000000, -1.000000000000000000 ) ) ;
#325 = VECTOR ( 'NONE', #977, 1000.000000000000000 ) ;
#326 = CARTESIAN_POINT ( 'NONE',  ( -5.367034112149509539, 0.000000000000000000, 0.000000000000000000 ) ) ;
#327 = FACE_BOUND ( 'NONE', #1316, .T. ) ;
#328 = DIRECTION ( 'NONE',  ( -1.000000000000000000, -0.000000000000000000, -0.000000000000000000 ) ) ;
#329 = ORIENTED_EDGE ( 'NONE', *, *, #31, .F. ) ;
#330 = CYLINDRICAL_SURFACE ( 'NONE', #1585, 16.50000000000000000 ) ;
#331 = DIRECTION ( 'NONE',  ( -1.000000000000000000, -0.000000000000000000, -0.000000000000000000 ) ) ;
#332 = EDGE_CURVE ( 'NONE', #1255, #1604, #62, .T. ) ;
#333 = ORIENTED_EDGE ( 'NONE', *, *, #1287, .F. ) ;
#334 = ORIENTED_EDGE ( 'NONE', *, *, #1464, .F. ) ;
#335 = DIRECTION ( 'NONE',  ( 1.000000000000000000, 0.000000000000000000, 0.000000000000000000 ) ) ;
#336 = AXIS2_PLACEMENT_3D ( 'NONE', #910, #763, #26 ) ;
#337 = CARTESIAN_POINT ( 'NONE',  ( 23.63296588785049224, 0.000000000000000000, 5.458499999999999908 ) ) ;
#338 = EDGE_CURVE ( 'NONE', #426, #948, #1853, .T. ) ;
#339 = DIRECTION ( 'NONE',  ( 1.000000000000000000, 0.000000000000000000, 0.000000000000000000 ) ) ;
#340 = ORIENTED_EDGE ( 'NONE', *, *, #1341, .T. ) ;
#341 = DIRECTION ( 'NONE',  ( -1.000000000000000000, -0.000000000000000000, -0.000000000000000000 ) ) ;
#342 = DIRECTION ( 'NONE',  ( 0.000000000000000000, 0.000000000000000000, -1.000000000000000000 ) ) ;
#343 =( GEOMETRIC_REPRESENTATION_CONTEXT ( 3 ) GLOBAL_UNCERTAINTY_ASSIGNED_CONTEXT ( ( #1699 ) ) GLOBAL_UNIT_ASSIGNED_CONTEXT ( ( #378, #508, #386 ) ) REPRESENTATION_CONTEXT ( 'NONE', 'WORKASPACE' ) );
#344 = CARTESIAN_POINT ( 'NONE',  ( -11.36703411214950954, 0.000000000000000000, 5.000000000000000000 ) ) ;
#345 = DIRECTION ( 'NONE',  ( -1.000000000000000000, -0.000000000000000000, -0.000000000000000000 ) ) ;
#346 = AXIS2_PLACEMENT_3D ( 'NONE', #200, #341, #1377 ) ;
#347 = CARTESIAN_POINT ( 'NONE',  ( 24.63296588785049224, 0.000000000000000000, 0.000000000000000000 ) ) ;
#348 = LOCAL_TIME ( 17, 31, 18.00000000000000000, #745 ) ;
#349 = VERTEX_POINT ( 'NONE', #765 ) ;
#350 = CARTESIAN_POINT ( 'NONE',  ( -11.36703411214950954, 0.000000000000000000, 0.000000000000000000 ) ) ;
#351 = CIRCLE ( 'NONE', #597, 17.00000000000000355 ) ;
#352 = FACE_OUTER_BOUND ( 'NONE', #1780, .T. ) ;
#353 = ORIENTED_EDGE ( 'NONE', *, *, #530, .F. ) ;
#354 = CARTESIAN_POINT ( 'NONE',  ( 2.632965887850490461, 0.000000000000000000, 3.500000000000000000 ) ) ;
#355 = LINE ( 'NONE', #953, #1186 ) ;
#356 = DIRECTION ( 'NONE',  ( 0.000000000000000000, 0.000000000000000000, -1.000000000000000000 ) ) ;
#357 = EDGE_LOOP ( 'NONE', ( #1713, #1029, #1432, #193 ) ) ;
#358 = ORIENTED_EDGE ( 'NONE', *, *, #1001, .F. ) ;
#359 = CIRCLE ( 'NONE', #1091, 7.049999999999999822 ) ;
#360 = CARTESIAN_POINT ( 'NONE',  ( 0.000000000000000000, 0.000000000000000000, 0.000000000000000000 ) ) ;
#361 = VERTEX_POINT ( 'NONE', #736 ) ;
#362 = CARTESIAN_POINT ( 'NONE',  ( -2.367034112149507319, -5.999999999999904965, 12.64230484541331556 ) ) ;
#363 = DIRECTION ( 'NONE',  ( 0.000000000000000000, -0.8660254037844391517, 0.4999999999999992228 ) ) ;
#364 = EDGE_CURVE ( 'NONE', #511, #1212, #1511, .T. ) ;
#365 = CC_DESIGN_PERSON_AND_ORGANIZATION_ASSIGNMENT ( #1109, #98, ( #1668 ) ) ;
#366 = DIRECTION ( 'NONE',  ( 0.000000000000000000, 0.000000000000000000, -1.000000000000000000 ) ) ;
#367 = ORIENTED_EDGE ( 'NONE', *, *, #317, .F. ) ;
#368 = EDGE_CURVE ( 'NONE', #1085, #561, #489, .T. ) ;
#369 = ORIENTED_EDGE ( 'NONE', *, *, #852, .F. ) ;
#370 = DATE_TIME_ROLE ( 'creation_date' ) ;
#371 = ORIENTED_EDGE ( 'NONE', *, *, #530, .T. ) ;
#372 = COORDINATED_UNIVERSAL_TIME_OFFSET ( 2, 0, .AHEAD. ) ;
#373 = DIRECTION ( 'NONE',  ( 0.000000000000000000, 0.000000000000000000, 1.000000000000000000 ) ) ;
#374 = ORIENTED_EDGE ( 'NONE', *, *, #1386, .F. ) ;
#375 = COORDINATED_UNIVERSAL_TIME_OFFSET ( 2, 0, .AHEAD. ) ;
#376 = DIRECTION ( 'NONE',  ( 0.000000000000000000, 0.000000000000000000, -1.000000000000000000 ) ) ;
#377 = CIRCLE ( 'NONE', #1769, 1.024999999999999689 ) ;
#378 =( LENGTH_UNIT ( ) NAMED_UNIT ( * ) SI_UNIT ( .MILLI., .METRE. ) );
#379 = CIRCLE ( 'NONE', #1347, 2.249999999999996891 ) ;
#380 = DIRECTION ( 'NONE',  ( 0.000000000000000000, 0.000000000000000000, 1.000000000000000000 ) ) ;
#381 = ORIENTED_EDGE ( 'NONE', *, *, #979, .T. ) ;
#382 = CYLINDRICAL_SURFACE ( 'NONE', #830, 1.025000000000000577 ) ;
#383 = DIRECTION ( 'NONE',  ( 0.000000000000000000, 0.000000000000000000, 1.000000000000000000 ) ) ;
#384 = EDGE_LOOP ( 'NONE', ( #1858, #1861, #44, #1196 ) ) ;
#385 = ORIENTED_EDGE ( 'NONE', *, *, #170, .F. ) ;
#386 =( NAMED_UNIT ( * ) SI_UNIT ( $, .STERADIAN. ) SOLID_ANGLE_UNIT ( ) );
#387 = DIRECTION ( 'NONE',  ( -1.000000000000000000, -0.000000000000000000, -0.000000000000000000 ) ) ;
#388 = AXIS2_PLACEMENT_3D ( 'NONE', #1773, #313, #899 ) ;
#389 = DIRECTION ( 'NONE',  ( -1.000000000000000000, -0.000000000000000000, -0.000000000000000000 ) ) ;
#390 = DIRECTION ( 'NONE',  ( 0.000000000000000000, 0.000000000000000000, -1.000000000000000000 ) ) ;
#391 = EDGE_CURVE ( 'NONE', #1246, #987, #1832, .T. ) ;
#392 = CARTESIAN_POINT ( 'NONE',  ( -11.36703411214950954, 0.000000000000000000, 0.000000000000000000 ) ) ;
#393 = CC_DESIGN_PERSON_AND_ORGANIZATION_ASSIGNMENT ( #1152, #1680, ( #1723 ) ) ;
#394 = VECTOR ( 'NONE', #246, 1000.000000000000000 ) ;
#395 = VECTOR ( 'NONE', #1078, 1000.000000000000000 ) ;
#396 = CARTESIAN_POINT ( 'NONE',  ( -11.36703411214950954, 0.000000000000000000, 0.000000000000000000 ) ) ;
#397 = ORIENTED_EDGE ( 'NONE', *, *, #260, .T. ) ;
#398 = FACE_BOUND ( 'NONE', #856, .T. ) ;
#399 = DIRECTION ( 'NONE',  ( 1.000000000000000000, 0.000000000000000000, 0.000000000000000000 ) ) ;
#400 = CARTESIAN_POINT ( 'NONE',  ( -2.367034112149509983, 0.000000000000000000, 0.000000000000000000 ) ) ;
#401 = ORIENTED_EDGE ( 'NONE', *, *, #1362, .T. ) ;
#402 = CYLINDRICAL_SURFACE ( 'NONE', #731, 2.249999999999996891 ) ;
#403 = DIRECTION ( 'NONE',  ( 0.000000000000000000, 0.000000000000000000, 1.000000000000000000 ) ) ;
#404 = ORIENTED_EDGE ( 'NONE', *, *, #87, .F. ) ;
#405 = DIRECTION ( 'NONE',  ( -1.000000000000000000, -0.000000000000000000, -0.000000000000000000 ) ) ;
#406 = AXIS2_PLACEMENT_3D ( 'NONE', #967, #387, #252 ) ;
#407 = DIRECTION ( 'NONE',  ( -1.000000000000000000, -0.000000000000000000, -0.000000000000000000 ) ) ;
#408 = CARTESIAN_POINT ( 'NONE',  ( -11.36703411214950954, 0.000000000000000000, 7.000000000000000000 ) ) ;
#409 = ORIENTED_EDGE ( 'NONE', *, *, #661, .F. ) ;
#410 = ORIENTED_EDGE ( 'NONE', *, *, #364, .F. ) ;
#411 = AXIS2_PLACEMENT_3D ( 'NONE', #1336, #319, #161 ) ;
#412 = ORIENTED_EDGE ( 'NONE', *, *, #1103, .F. ) ;
#413 = CARTESIAN_POINT ( 'NONE',  ( 15.63296588785049046, 0.000000000000000000, 0.000000000000000000 ) ) ;
#414 = CARTESIAN_POINT ( 'NONE',  ( 2.682965887850491615, 4.286263797015736595E-16, -3.500000000000000000 ) ) ;
#415 = EDGE_LOOP ( 'NONE', ( #1289, #1061, #1397, #1339 ) ) ;
#416 = DATE_AND_TIME ( #1392, #229 ) ;
#417 = CARTESIAN_POINT ( 'NONE',  ( 28.53296588785049082, 0.000000000000000000, -10.09999999999999964 ) ) ;
#418 = DATE_AND_TIME ( #799, #1416 ) ;
#419 = DIRECTION ( 'NONE',  ( 0.000000000000000000, 0.000000000000000000, 1.000000000000000000 ) ) ;
#420 = VECTOR ( 'NONE', #1083, 1000.000000000000000 ) ;
#421 = EDGE_CURVE ( 'NONE', #767, #89, #153, .T. ) ;
#422 = APPROVAL ( #1388, 'UNSPECIFIED' ) ;
#423 = CIRCLE ( 'NONE', #780, 3.950000000000000178 ) ;
#424 = ADVANCED_FACE ( 'NONE', ( #1115 ), #825, .F. ) ;
#425 = CARTESIAN_POINT ( 'NONE',  ( -2.367034112149509983, 12.00000000000000178, 0.000000000000000000 ) ) ;
#426 = VERTEX_POINT ( 'NONE', #1060 ) ;
#427 = VECTOR ( 'NONE', #679, 1000.000000000000000 ) ;
#428 = VERTEX_POINT ( 'NONE', #1796 ) ;
#429 = EDGE_CURVE ( 'NONE', #1285, #714, #1256, .T. ) ;
#430 = EDGE_LOOP ( 'NONE', ( #1410, #1005, #1039, #626 ) ) ;
#431 = VERTEX_POINT ( 'NONE', #1064 ) ;
#432 = CARTESIAN_POINT ( 'NONE',  ( -5.367034112149509539, 0.000000000000000000, 0.000000000000000000 ) ) ;
#433 = EDGE_CURVE ( 'NONE', #606, #794, #1787, .T. ) ;
#434 = ADVANCED_FACE ( 'NONE', ( #868 ), #715, .F. ) ;
#435 = CARTESIAN_POINT ( 'NONE',  ( 3.632965887850489572, 0.000000000000000000, 0.000000000000000000 ) ) ;
#436 = AXIS2_PLACEMENT_3D ( 'NONE', #1605, #139, #906 ) ;
#437 = DIRECTION ( 'NONE',  ( 0.000000000000000000, 0.000000000000000000, 1.000000000000000000 ) ) ;
#438 = PERSON_AND_ORGANIZATION ( #1273, #1801 ) ;
#439 = ADVANCED_FACE ( 'NONE', ( #1402 ), #330, .T. ) ;
#440 = EDGE_LOOP ( 'NONE', ( #1539, #381, #1381, #1831 ) ) ;
#441 = CIRCLE ( 'NONE', #658, 6.999999999999976907 ) ;
#442 = CARTESIAN_POINT ( 'NONE',  ( -11.36703411214950954, 0.000000000000000000, 4.514999999999999680 ) ) ;
#443 = AXIS2_PLACEMENT_3D ( 'NONE', #1195, #481, #902 ) ;
#444 = LINE ( 'NONE', #1420, #82 ) ;
#445 = DIRECTION ( 'NONE',  ( 0.000000000000000000, 0.000000000000000000, 1.000000000000000000 ) ) ;
#446 = EDGE_CURVE ( 'NONE', #1510, #1010, #1809, .T. ) ;
#447 = ORIENTED_EDGE ( 'NONE', *, *, #429, .T. ) ;
#448 = VECTOR ( 'NONE', #1683, 1000.000000000000000 ) ;
#449 = ORIENTED_EDGE ( 'NONE', *, *, #1066, .T. ) ;
#450 = VECTOR ( 'NONE', #689, 1000.000000000000000 ) ;
#451 = DIRECTION ( 'NONE',  ( -1.000000000000000000, -0.000000000000000000, -0.000000000000000000 ) ) ;
#452 = DIRECTION ( 'NONE',  ( -1.000000000000000000, -0.000000000000000000, -0.000000000000000000 ) ) ;
#453 = CLOSED_SHELL ( 'NONE', ( #17, #1322, #286, #1144, #875, #603, #434, #439, #1612, #145, #1750, #135, #591, #463, #582, #1590, #1146, #424, #721, #315, #159, #729, #1746, #1460, #1473, #1311, #1184, #858, #1297, #1036, #7, #584, #1307, #1017, #296, #712, #1618, #1440, #1603, #851, #148, #1736, #1771, #137, #1766, #160, #724, #1015, #871, #1451, #994, #294, #1877, #1299, #288, #1482, #166, #1175, #1458 ) ) ;
#454 = DIRECTION ( 'NONE',  ( 0.000000000000000000, 0.000000000000000000, 1.000000000000000000 ) ) ;
#455 = ORIENTED_EDGE ( 'NONE', *, *, #519, .F. ) ;
#456 = DIRECTION ( 'NONE',  ( -1.000000000000000000, -0.000000000000000000, -0.000000000000000000 ) ) ;
#457 = EDGE_CURVE ( 'NONE', #1429, #349, #1008, .T. ) ;
#458 = CC_DESIGN_PERSON_AND_ORGANIZATION_ASSIGNMENT ( #931, #789, ( #588 ) ) ;
#459 = EDGE_LOOP ( 'NONE', ( #1366, #1855, #1182, #1694 ) ) ;
#460 = CARTESIAN_POINT ( 'NONE',  ( 24.63296588785049224, -11.47483660014381535, 6.624999999999995559 ) ) ;
#461 = CARTESIAN_POINT ( 'NONE',  ( 24.63296588785049224, -11.47483660014381535, 6.624999999999995559 ) ) ;
#462 = EDGE_CURVE ( 'NONE', #1556, #783, #1742, .T. ) ;
#463 = ADVANCED_FACE ( 'NONE', ( #1160 ), #1649, .F. ) ;
#464 = CIRCLE ( 'NONE', #1537, 1.025000000000000577 ) ;
#465 = DIRECTION ( 'NONE',  ( 0.000000000000000000, 0.000000000000000000, 1.000000000000000000 ) ) ;
#466 = FACE_OUTER_BOUND ( 'NONE', #619, .T. ) ;
#467 = FACE_BOUND ( 'NONE', #1648, .T. ) ;
#468 = AXIS2_PLACEMENT_3D ( 'NONE', #197, #659, #1523 ) ;
#469 = EDGE_LOOP ( 'NONE', ( #158, #688, #1758, #1404 ) ) ;
#470 = CARTESIAN_POINT ( 'NONE',  ( 29.63296588785049224, 0.000000000000000000, 0.000000000000000000 ) ) ;
#471 = CIRCLE ( 'NONE', #280, 10.09999999999999964 ) ;
#472 = DIRECTION ( 'NONE',  ( 0.000000000000000000, 0.8660254037844382635, 0.5000000000000005551 ) ) ;
#473 = AXIS2_PLACEMENT_3D ( 'NONE', #727, #1304, #1457 ) ;
#474 = VERTEX_POINT ( 'NONE', #1679 ) ;
#475 = ORIENTED_EDGE ( 'NONE', *, *, #1193, .F. ) ;
#476 = EDGE_CURVE ( 'NONE', #1655, #266, #624, .T. ) ;
#477 = DIRECTION ( 'NONE',  ( 1.000000000000000000, -0.000000000000000000, -0.000000000000000000 ) ) ;
#478 = CARTESIAN_POINT ( 'NONE',  ( 29.63296588785049224, 0.000000000000000000, 0.000000000000000000 ) ) ;
#479 = AXIS2_PLACEMENT_3D ( 'NONE', #76, #1390, #521 ) ;
#480 = DIRECTION ( 'NONE',  ( -1.000000000000000000, -0.000000000000000000, -0.000000000000000000 ) ) ;
#481 = DIRECTION ( 'NONE',  ( -1.000000000000000000, -0.000000000000000000, -0.000000000000000000 ) ) ;
#482 = DIRECTION ( 'NONE',  ( 0.000000000000000000, 0.000000000000000000, 1.000000000000000000 ) ) ;
#483 = ORIENTED_EDGE ( 'NONE', *, *, #681, .F. ) ;
#484 = FACE_OUTER_BOUND ( 'NONE', #1718, .T. ) ;
#485 = CIRCLE ( 'NONE', #1168, 8.000000000000000000 ) ;
#486 = ORIENTED_EDGE ( 'NONE', *, *, #705, .T. ) ;
#487 = CARTESIAN_POINT ( 'NONE',  ( -11.36703411214950954, 4.837354856632045057E-16, -3.950000000000000178 ) ) ;
#488 = ORIENTED_EDGE ( 'NONE', *, *, #938, .F. ) ;
#489 = CIRCLE ( 'NONE', #885, 2.249999999999996891 ) ;
#490 = PLANE ( 'NONE',  #1310 ) ;
#491 = EDGE_CURVE ( 'NONE', #1715, #179, #1491, .T. ) ;
#492 = ORIENTED_EDGE ( 'NONE', *, *, #1761, .F. ) ;
#493 = ORIENTED_EDGE ( 'NONE', *, *, #332, .F. ) ;
#494 = DIRECTION ( 'NONE',  ( -1.000000000000000000, -0.000000000000000000, -0.000000000000000000 ) ) ;
#495 = ORIENTED_EDGE ( 'NONE', *, *, #1324, .F. ) ;
#496 = AXIS2_PLACEMENT_3D ( 'NONE', #818, #1840, #1106 ) ;
#497 = ORIENTED_EDGE ( 'NONE', *, *, #661, .T. ) ;
#498 = CARTESIAN_POINT ( 'NONE',  ( -5.367034112149509539, 12.00000000000000178, 0.000000000000000000 ) ) ;
#499 = CARTESIAN_POINT ( 'NONE',  ( 24.63296588785049224, 0.000000000000000000, -16.50000000000000000 ) ) ;
#500 = CARTESIAN_POINT ( 'NONE',  ( 3.632965887850489572, 0.000000000000000000, 0.000000000000000000 ) ) ;
#501 = VERTEX_POINT ( 'NONE', #97 ) ;
#502 = PERSON_AND_ORGANIZATION_ROLE ( 'creator' ) ;
#503 = PRODUCT_DEFINITION ( 'UNKNOWN', '', #1668, #1235 ) ;
#504 = ORIENTED_EDGE ( 'NONE', *, *, #898, .T. ) ;
#505 = CARTESIAN_POINT ( 'NONE',  ( 2.632965887850490461, 0.000000000000000000, 0.000000000000000000 ) ) ;
#506 = AXIS2_PLACEMENT_3D ( 'NONE', #53, #1650, #666 ) ;
#507 = DIRECTION ( 'NONE',  ( 0.000000000000000000, 0.000000000000000000, 1.000000000000000000 ) ) ;
#508 =( NAMED_UNIT ( * ) PLANE_ANGLE_UNIT ( ) SI_UNIT ( $, .RADIAN. ) );
#509 = VECTOR ( 'NONE', #1633, 1000.000000000000000 ) ;
#510 = CARTESIAN_POINT ( 'NONE',  ( 28.53296588785049082, 0.000000000000000000, 0.000000000000000000 ) ) ;
#511 = VERTEX_POINT ( 'NONE', #1826 ) ;
#512 = ORIENTED_EDGE ( 'NONE', *, *, #992, .F. ) ;
#513 = CIRCLE ( 'NONE', #950, 2.799999999999999822 ) ;
#514 = ORIENTED_EDGE ( 'NONE', *, *, #338, .F. ) ;
#515 = ORIENTED_EDGE ( 'NONE', *, *, #105, .F. ) ;
#516 = FACE_OUTER_BOUND ( 'NONE', #25, .T. ) ;
#517 = DATE_TIME_ROLE ( 'classification_date' ) ;
#518 = ORIENTED_EDGE ( 'NONE', *, *, #99, .T. ) ;
#519 = EDGE_CURVE ( 'NONE', #1314, #794, #355, .T. ) ;
#520 = CC_DESIGN_PERSON_AND_ORGANIZATION_ASSIGNMENT ( #526, #502, ( #706 ) ) ;
#521 = DIRECTION ( 'NONE',  ( 0.000000000000000000, 0.000000000000000000, 1.000000000000000000 ) ) ;
#522 = VERTEX_POINT ( 'NONE', #1242 ) ;
#523 = PLANE ( 'NONE',  #496 ) ;
#524 = EDGE_CURVE ( 'NONE', #1254, #1141, #1602, .T. ) ;
#525 = CARTESIAN_POINT ( 'NONE',  ( -5.367034112149509539, -5.999999999999904965, 8.142304845413326220 ) ) ;
#526 = PERSON_AND_ORGANIZATION ( #1273, #1801 ) ;
#527 = AXIS2_PLACEMENT_3D ( 'NONE', #1673, #224, #1534 ) ;
#528 = CARTESIAN_POINT ( 'NONE',  ( 29.63296588785049224, 11.47483660014381179, 6.624999999999999112 ) ) ;
#529 = CIRCLE ( 'NONE', #55, 7.049999999999999822 ) ;
#530 = EDGE_CURVE ( 'NONE', #152, #1589, #107, .T. ) ;
#531 = FACE_OUTER_BOUND ( 'NONE', #533, .T. ) ;
#532 = DIRECTION ( 'NONE',  ( -1.000000000000000000, -0.000000000000000000, -0.000000000000000000 ) ) ;
#533 = EDGE_LOOP ( 'NONE', ( #1848, #1099, #1582, #1573 ) ) ;
#534 = LINE ( 'NONE', #1714, #1449 ) ;
#535 = ORIENTED_EDGE ( 'NONE', *, *, #1720, .F. ) ;
#536 = FACE_BOUND ( 'NONE', #1284, .T. ) ;
#537 = AXIS2_PLACEMENT_3D ( 'NONE', #1072, #752, #761 ) ;
#538 = DIRECTION ( 'NONE',  ( 0.000000000000000000, 0.000000000000000000, -1.000000000000000000 ) ) ;
#539 = ORIENTED_EDGE ( 'NONE', *, *, #904, .F. ) ;
#540 = DIRECTION ( 'NONE',  ( 0.000000000000000000, 0.8660254037844382635, 0.5000000000000005551 ) ) ;
#541 = AXIS2_PLACEMENT_3D ( 'NONE', #713, #725, #1740 ) ;
#542 = CARTESIAN_POINT ( 'NONE',  ( 31.13296588785049224, 0.000000000000000000, 6.000000000000000888 ) ) ;
#543 = VERTEX_POINT ( 'NONE', #243 ) ;
#544 = DIRECTION ( 'NONE',  ( 0.000000000000000000, 0.000000000000000000, 1.000000000000000000 ) ) ;
#545 = ORIENTED_EDGE ( 'NONE', *, *, #1317, .T. ) ;
#546 = PLANE ( 'NONE',  #1863 ) ;
#547 = CARTESIAN_POINT ( 'NONE',  ( 29.63296588785049224, 2.020667218593133100E-15, 16.50000000000000000 ) ) ;
#548 = CARTESIAN_POINT ( 'NONE',  ( 23.63296588785049224, 0.000000000000000000, 0.000000000000000000 ) ) ;
#549 = CARTESIAN_POINT ( 'NONE',  ( 29.63296588785049224, 0.8876760388790511103, -13.76250000000000284 ) ) ;
#550 = EDGE_CURVE ( 'NONE', #1096, #22, #471, .T. ) ;
#551 = CARTESIAN_POINT ( 'NONE',  ( 24.63296588785049224, 11.47483660014381179, 5.599999999999998757 ) ) ;
#552 = APPROVAL ( #78, 'UNSPECIFIED' ) ;
#553 = CIRCLE ( 'NONE', #632, 2.799999999999999822 ) ;
#554 = CYLINDRICAL_SURFACE ( 'NONE', #468, 3.950000000000000178 ) ;
#555 = DIRECTION ( 'NONE',  ( -1.000000000000000000, -0.000000000000000000, -0.000000000000000000 ) ) ;
#556 = FACE_BOUND ( 'NONE', #74, .T. ) ;
#557 = EDGE_CURVE ( 'NONE', #794, #606, #1875, .T. ) ;
#558 = DIRECTION ( 'NONE',  ( 1.000000000000000000, 0.000000000000000000, 0.000000000000000000 ) ) ;
#559 = ORIENTED_EDGE ( 'NONE', *, *, #1588, .T. ) ;
#560 = CIRCLE ( 'NONE', #1549, 5.458499999999999908 ) ;
#561 = VERTEX_POINT ( 'NONE', #84 ) ;
#562 = VERTEX_POINT ( 'NONE', #813 ) ;
#563 = DIRECTION ( 'NONE',  ( -1.000000000000000000, -0.000000000000000000, -0.000000000000000000 ) ) ;
#564 = VERTEX_POINT ( 'NONE', #92 ) ;
#565 = AXIS2_PLACEMENT_3D ( 'NONE', #1857, #114, #961 ) ;
#566 = ORIENTED_EDGE ( 'NONE', *, *, #1341, .F. ) ;
#567 = AXIS2_PLACEMENT_3D ( 'NONE', #872, #297, #1753 ) ;
#568 = CARTESIAN_POINT ( 'NONE',  ( -5.367034112149509539, -5.999999999999904965, 12.64230484541331734 ) ) ;
#569 = EDGE_CURVE ( 'NONE', #1170, #1455, #693, .T. ) ;
#570 = CARTESIAN_POINT ( 'NONE',  ( 2.632965887850490461, 0.000000000000000000, 0.000000000000000000 ) ) ;
#571 = APPROVAL_DATE_TIME ( #957, #1296 ) ;
#572 = DIRECTION ( 'NONE',  ( 0.000000000000000000, 0.000000000000000000, -1.000000000000000000 ) ) ;
#573 = DIRECTION ( 'NONE',  ( -0.000000000000000000, 0.000000000000000000, 1.000000000000000000 ) ) ;
#574 = FACE_OUTER_BOUND ( 'NONE', #1494, .T. ) ;
#575 = AXIS2_PLACEMENT_3D ( 'NONE', #257, #1569, #815 ) ;
#576 = LINE ( 'NONE', #1058, #647 ) ;
#577 = CARTESIAN_POINT ( 'NONE',  ( -11.36703411214950954, 0.000000000000000000, 0.000000000000000000 ) ) ;
#578 = ORIENTED_EDGE ( 'NONE', *, *, #1009, .F. ) ;
#579 = CIRCLE ( 'NONE', #1236, 2.249999999999995115 ) ;
#580 = ORIENTED_EDGE ( 'NONE', *, *, #1675, .T. ) ;
#581 = LINE ( 'NONE', #1002, #1744 ) ;
#582 = ADVANCED_FACE ( 'NONE', ( #1357 ), #1073, .F. ) ;
#583 = DIRECTION ( 'NONE',  ( 0.000000000000000000, 0.000000000000000000, 1.000000000000000000 ) ) ;
#584 = ADVANCED_FACE ( 'NONE', ( #398, #963 ), #523, .T. ) ;
#585 = EDGE_CURVE ( 'NONE', #1343, #1288, #42, .T. ) ;
#586 = CARTESIAN_POINT ( 'NONE',  ( -5.367034112149509539, -6.000000000000050626, -10.39230484541323918 ) ) ;
#587 = VERTEX_POINT ( 'NONE', #218 ) ;
#588 = PRODUCT_DEFINITION_FORMATION_WITH_SPECIFIED_SOURCE ( 'ANY', '', #1147, .NOT_KNOWN. ) ;
#589 = DIRECTION ( 'NONE',  ( -1.000000000000000000, -0.000000000000000000, -0.000000000000000000 ) ) ;
#590 = CARTESIAN_POINT ( 'NONE',  ( 23.63296588785049224, 0.000000000000000000, 4.514999999999999680 ) ) ;
#591 = ADVANCED_FACE ( 'NONE', ( #1207 ), #1626, .T. ) ;
#592 = DIRECTION ( 'NONE',  ( -1.000000000000000000, -0.000000000000000000, -0.000000000000000000 ) ) ;
#593 = APPROVAL_PERSON_ORGANIZATION ( #1732, #998, #72 ) ;
#594 = EDGE_LOOP ( 'NONE', ( #1835, #1557 ) ) ;
#595 = CIRCLE ( 'NONE', #1635, 5.458499999999999908 ) ;
#596 = DIRECTION ( 'NONE',  ( -1.000000000000000000, 0.000000000000000000, 0.000000000000000000 ) ) ;
#597 = AXIS2_PLACEMENT_3D ( 'NONE', #1785, #1201, #1364 ) ;
#598 = CIRCLE ( 'NONE', #1414, 1.024999999999999911 ) ;
#599 = AXIS2_PLACEMENT_3D ( 'NONE', #413, #407, #966 ) ;
#600 = EDGE_LOOP ( 'NONE', ( #1670, #497, #488, #263 ) ) ;
#601 = CIRCLE ( 'NONE', #1735, 2.249999999999996891 ) ;
#602 = DIRECTION ( 'NONE',  ( 0.000000000000000000, 0.000000000000000000, 1.000000000000000000 ) ) ;
#603 = ADVANCED_FACE ( 'NONE', ( #1052 ), #1466, .T. ) ;
#604 = ORIENTED_EDGE ( 'NONE', *, *, #719, .F. ) ;
#605 = VECTOR ( 'NONE', #877, 1000.000000000000000 ) ;
#606 = VERTEX_POINT ( 'NONE', #1559 ) ;
#607 = ORIENTED_EDGE ( 'NONE', *, *, #876, .T. ) ;
#608 = DIRECTION ( 'NONE',  ( 0.000000000000000000, 0.000000000000000000, -1.000000000000000000 ) ) ;
#609 = AXIS2_PLACEMENT_3D ( 'NONE', #743, #1752, #309 ) ;
#610 = CARTESIAN_POINT ( 'NONE',  ( 29.63296588785049224, 0.000000000000000000, 0.000000000000000000 ) ) ;
#611 = PRODUCT_RELATED_PRODUCT_CATEGORY ( 'detail', '', ( #1712 ) ) ;
#612 = CARTESIAN_POINT ( 'NONE',  ( -5.367034112149509539, -6.000000000000050626, -10.39230484541323918 ) ) ;
#613 = EDGE_LOOP ( 'NONE', ( #1221, #1651, #131, #1547 ) ) ;
#614 = DIRECTION ( 'NONE',  ( 0.000000000000000000, 0.000000000000000000, -1.000000000000000000 ) ) ;
#615 = EDGE_CURVE ( 'NONE', #667, #741, #305, .T. ) ;
#616 = CARTESIAN_POINT ( 'NONE',  ( -11.36703411214950954, 0.000000000000000000, 0.000000000000000000 ) ) ;
#617 = PERSON_AND_ORGANIZATION ( #1273, #1801 ) ;
#618 = CARTESIAN_POINT ( 'NONE',  ( -11.36703411214950954, 4.286263797015736595E-16, -3.500000000000000000 ) ) ;
#619 = EDGE_LOOP ( 'NONE', ( #1493, #831, #447, #1277 ) ) ;
#620 = VECTOR ( 'NONE', #1548, 1000.000000000000000 ) ;
#621 = FACE_BOUND ( 'NONE', #1107, .T. ) ;
#622 = EDGE_CURVE ( 'NONE', #179, #1076, #754, .T. ) ;
#623 = ORIENTED_EDGE ( 'NONE', *, *, #1499, .F. ) ;
#624 = LINE ( 'NONE', #1094, #448 ) ;
#625 = AXIS2_PLACEMENT_3D ( 'NONE', #505, #924, #1819 ) ;
#626 = ORIENTED_EDGE ( 'NONE', *, *, #69, .T. ) ;
#627 = CIRCLE ( 'NONE', #248, 2.799999999999999822 ) ;
#628 = EDGE_CURVE ( 'NONE', #1510, #561, #534, .T. ) ;
#629 = CARTESIAN_POINT ( 'NONE',  ( 15.63296588785049401, -4.315000000000000391, 1.649999999999999911 ) ) ;
#630 = CARTESIAN_POINT ( 'NONE',  ( 23.63296588785049224, 0.000000000000000000, 0.000000000000000000 ) ) ;
#631 = ORIENTED_EDGE ( 'NONE', *, *, #1264, .F. ) ;
#632 = AXIS2_PLACEMENT_3D ( 'NONE', #1555, #532, #1272 ) ;
#633 = CARTESIAN_POINT ( 'NONE',  ( -8.367034112149511316, 6.123233995736766282E-16, -5.000000000000000000 ) ) ;
#634 = EDGE_CURVE ( 'NONE', #948, #1429, #86, .T. ) ;
#635 = DIRECTION ( 'NONE',  ( -1.000000000000000000, -0.000000000000000000, -0.000000000000000000 ) ) ;
#636 = VERTEX_POINT ( 'NONE', #124 ) ;
#637 = EDGE_LOOP ( 'NONE', ( #358, #1308, #891, #1824 ) ) ;
#638 = CARTESIAN_POINT ( 'NONE',  ( 28.53296588785049082, 9.797174393178825657E-16, 8.000000000000000000 ) ) ;
#639 = DIRECTION ( 'NONE',  ( 0.000000000000000000, 0.000000000000000000, 1.000000000000000000 ) ) ;
#640 = CALENDAR_DATE ( 2026, 7, 9 ) ;
#641 = EDGE_LOOP ( 'NONE', ( #116, #824, #535, #1786 ) ) ;
#642 = LINE ( 'NONE', #54, #1804 ) ;
#643 = DIRECTION ( 'NONE',  ( 0.000000000000000000, 0.000000000000000000, 1.000000000000000000 ) ) ;
#644 = LINE ( 'NONE', #675, #325 ) ;
#645 = APPROVAL_STATUS ( 'not_yet_approved' ) ;
#646 = EDGE_LOOP ( 'NONE', ( #1162, #34 ) ) ;
#647 = VECTOR ( 'NONE', #1032, 1000.000000000000000 ) ;
#648 = DIRECTION ( 'NONE',  ( 0.000000000000000000, 0.000000000000000000, -1.000000000000000000 ) ) ;
#649 = EDGE_CURVE ( 'NONE', #1314, #501, #579, .T. ) ;
#650 = EDGE_LOOP ( 'NONE', ( #956, #1337 ) ) ;
#651 = CIRCLE ( 'NONE', #1150, 7.000000000000000000 ) ;
#652 = CC_DESIGN_DATE_AND_TIME_ASSIGNMENT ( #416, #517, ( #1723 ) ) ;
#653 = CARTESIAN_POINT ( 'NONE',  ( -11.36703411214950954, 0.000000000000000000, 0.000000000000000000 ) ) ;
#654 = ORIENTED_EDGE ( 'NONE', *, *, #634, .T. ) ;
#655 = SECURITY_CLASSIFICATION_LEVEL ( 'unclassified' ) ;
#656 = DIRECTION ( 'NONE',  ( 1.000000000000000000, -0.000000000000000000, -0.000000000000000000 ) ) ;
#657 = ORIENTED_EDGE ( 'NONE', *, *, #1349, .F. ) ;
#658 = AXIS2_PLACEMENT_3D ( 'NONE', #1542, #1412, #1687 ) ;
#659 = DIRECTION ( 'NONE',  ( -1.000000000000000000, -0.000000000000000000, -0.000000000000000000 ) ) ;
#660 = AXIS2_PLACEMENT_3D ( 'NONE', #1627, #477, #614 ) ;
#661 = EDGE_CURVE ( 'NONE', #1768, #1513, #191, .T. ) ;
#662 = MECHANICAL_CONTEXT ( 'NONE', #932, 'mechanical' ) ;
#663 = LOCAL_TIME ( 17, 31, 18.00000000000000000, #1046 ) ;
#664 = CYLINDRICAL_SURFACE ( 'NONE', #1136, 7.049999999999999822 ) ;
#665 = FACE_OUTER_BOUND ( 'NONE', #962, .T. ) ;
#666 = DIRECTION ( 'NONE',  ( 0.000000000000000000, 0.000000000000000000, 1.000000000000000000 ) ) ;
#667 = VERTEX_POINT ( 'NONE', #1437 ) ;
#668 = CYLINDRICAL_SURFACE ( 'NONE', #1748, 4.299999999999999822 ) ;
#669 = APPLICATION_PROTOCOL_DEFINITION ( 'international standard', 'config_control_design', 1994, #1837 ) ;
#670 = ORIENTED_EDGE ( 'NONE', *, *, #739, .F. ) ;
#671 = VERTEX_POINT ( 'NONE', #109 ) ;
#672 = VECTOR ( 'NONE', #172, 1000.000000000000000 ) ;
#673 = DIRECTION ( 'NONE',  ( -1.000000000000000000, -0.000000000000000000, -0.000000000000000000 ) ) ;
#674 = EDGE_CURVE ( 'NONE', #22, #587, #807, .T. ) ;
#675 = CARTESIAN_POINT ( 'NONE',  ( 24.63296588785049224, 11.47483660014381179, 5.599999999999998757 ) ) ;
#676 = CARTESIAN_POINT ( 'NONE',  ( 29.63296588785049224, 1.236893267138826614E-15, 10.09999999999999964 ) ) ;
#677 = CARTESIAN_POINT ( 'NONE',  ( -5.367034112149509539, 12.00000000000000178, 2.249999999999996891 ) ) ;
#678 = EDGE_LOOP ( 'NONE', ( #187, #1520, #1203, #1057 ) ) ;
#679 = DIRECTION ( 'NONE',  ( 1.000000000000000000, -0.000000000000000000, -0.000000000000000000 ) ) ;
#680 = ORIENTED_EDGE ( 'NONE', *, *, #755, .F. ) ;
#681 = EDGE_CURVE ( 'NONE', #1274, #1638, #710, .T. ) ;
#682 = DIRECTION ( 'NONE',  ( -1.000000000000000000, -0.000000000000000000, -0.000000000000000000 ) ) ;
#683 = PERSON_AND_ORGANIZATION ( #1273, #1801 ) ;
#684 = AXIS2_PLACEMENT_3D ( 'NONE', #700, #694, #1262 ) ;
#685 = DIRECTION ( 'NONE',  ( 1.000000000000000000, 0.000000000000000000, 0.000000000000000000 ) ) ;
#686 = CARTESIAN_POINT ( 'NONE',  ( 24.63296588785049224, -12.36251263902286546, 6.112499999999994493 ) ) ;
#687 = FACE_OUTER_BOUND ( 'NONE', #1601, .T. ) ;
#688 = ORIENTED_EDGE ( 'NONE', *, *, #1333, .T. ) ;
#689 = DIRECTION ( 'NONE',  ( -1.000000000000000000, -0.000000000000000000, -0.000000000000000000 ) ) ;
#690 = ORIENTED_EDGE ( 'NONE', *, *, #1788, .T. ) ;
#691 = VECTOR ( 'NONE', #784, 1000.000000000000000 ) ;
#692 = DIRECTION ( 'NONE',  ( 0.000000000000000000, 0.000000000000000000, 1.000000000000000000 ) ) ;
#693 = CIRCLE ( 'NONE', #142, 1.024999999999999911 ) ;
#694 = DIRECTION ( 'NONE',  ( 1.000000000000000000, 0.000000000000000000, 0.000000000000000000 ) ) ;
#695 = FACE_OUTER_BOUND ( 'NONE', #415, .T. ) ;
#696 = AXIS2_PLACEMENT_3D ( 'NONE', #360, #795, #225 ) ;
#697 = EDGE_LOOP ( 'NONE', ( #1784, #1138 ) ) ;
#698 = EDGE_LOOP ( 'NONE', ( #1208, #1279 ) ) ;
#699 = DIRECTION ( 'NONE',  ( 0.000000000000000000, 0.000000000000000000, -1.000000000000000000 ) ) ;
#700 = CARTESIAN_POINT ( 'NONE',  ( 15.63296588785049046, 0.000000000000000000, 0.000000000000000000 ) ) ;
#701 = ORIENTED_EDGE ( 'NONE', *, *, #1178, .F. ) ;
#702 = CARTESIAN_POINT ( 'NONE',  ( -2.367034112149509983, 0.000000000000000000, 0.000000000000000000 ) ) ;
#703 = DIRECTION ( 'NONE',  ( -1.000000000000000000, -0.000000000000000000, -0.000000000000000000 ) ) ;
#704 = DIRECTION ( 'NONE',  ( -1.000000000000000000, -0.000000000000000000, -0.000000000000000000 ) ) ;
#705 = EDGE_CURVE ( 'NONE', #1288, #1343, #214, .T. ) ;
#706 = PRODUCT_DEFINITION ( 'UNKNOWN', '', #588, #1372 ) ;
#707 = APPROVAL_PERSON_ORGANIZATION ( #438, #1321, #1380 ) ;
#708 = CIRCLE ( 'NONE', #913, 16.50000000000000000 ) ;
#709 = DIRECTION ( 'NONE',  ( 1.000000000000000000, 0.000000000000000000, 0.000000000000000000 ) ) ;
#710 = CIRCLE ( 'NONE', #1047, 4.299999999999999822 ) ;
#711 = EDGE_CURVE ( 'NONE', #474, #801, #379, .T. ) ;
#712 = ADVANCED_FACE ( 'NONE', ( #914, #864 ), #249, .T. ) ;
#713 = CARTESIAN_POINT ( 'NONE',  ( -11.36703411214950954, 0.000000000000000000, 0.000000000000000000 ) ) ;
#714 = VERTEX_POINT ( 'NONE', #1552 ) ;
#715 = CYLINDRICAL_SURFACE ( 'NONE', #211, 10.09999999999999964 ) ;
#716 = DIRECTION ( 'NONE',  ( -1.000000000000000000, -0.000000000000000000, -0.000000000000000000 ) ) ;
#717 = ORIENTED_EDGE ( 'NONE', *, *, #185, .T. ) ;
#718 = VERTEX_POINT ( 'NONE', #686 ) ;
#719 = EDGE_CURVE ( 'NONE', #1570, #767, #1533, .T. ) ;
#720 = AXIS2_PLACEMENT_3D ( 'NONE', #786, #71, #1551 ) ;
#721 = ADVANCED_FACE ( 'NONE', ( #1135 ), #803, .F. ) ;
#722 = VERTEX_POINT ( 'NONE', #11 ) ;
#723 = DIRECTION ( 'NONE',  ( 0.000000000000000000, 0.000000000000000000, 1.000000000000000000 ) ) ;
#724 = ADVANCED_FACE ( 'NONE', ( #960 ), #1829, .F. ) ;
#725 = DIRECTION ( 'NONE',  ( -1.000000000000000000, -0.000000000000000000, -0.000000000000000000 ) ) ;
#726 = DIRECTION ( 'NONE',  ( -1.000000000000000000, -0.000000000000000000, -0.000000000000000000 ) ) ;
#727 = CARTESIAN_POINT ( 'NONE',  ( 28.53296588785049082, 0.000000000000000000, 0.000000000000000000 ) ) ;
#728 = AXIS2_PLACEMENT_3D ( 'NONE', #51, #1210, #1497 ) ;
#729 = ADVANCED_FACE ( 'NONE', ( #842 ), #751, .T. ) ;
#730 = CIRCLE ( 'NONE', #747, 3.500000000000000000 ) ;
#731 = AXIS2_PLACEMENT_3D ( 'NONE', #271, #995, #279 ) ;
#732 = DIRECTION ( 'NONE',  ( -1.000000000000000000, -0.000000000000000000, -0.000000000000000000 ) ) ;
#733 = ORIENTED_EDGE ( 'NONE', *, *, #421, .T. ) ;
#734 = ORIENTED_EDGE ( 'NONE', *, *, #48, .T. ) ;
#735 = CYLINDRICAL_SURFACE ( 'NONE', #1113, 6.000000000000000888 ) ;
#736 = CARTESIAN_POINT ( 'NONE',  ( 23.63296588785049224, -4.315000000000000391, -1.328909327230415549 ) ) ;
#737 = ORIENTED_EDGE ( 'NONE', *, *, #1271, .T. ) ;
#738 = DIRECTION ( 'NONE',  ( 1.000000000000000000, 0.000000000000000000, 0.000000000000000000 ) ) ;
#739 = EDGE_CURVE ( 'NONE', #1513, #1206, #1446, .T. ) ;
#740 = DIRECTION ( 'NONE',  ( 0.000000000000000000, 0.000000000000000000, 1.000000000000000000 ) ) ;
#741 = VERTEX_POINT ( 'NONE', #1025 ) ;
#742 = DIRECTION ( 'NONE',  ( 0.000000000000000000, 0.000000000000000000, 1.000000000000000000 ) ) ;
#743 = CARTESIAN_POINT ( 'NONE',  ( 15.63296588785049046, 0.000000000000000000, 0.000000000000000000 ) ) ;
#744 = CARTESIAN_POINT ( 'NONE',  ( 29.63296588785049224, 0.000000000000000000, -16.50000000000000000 ) ) ;
#745 = COORDINATED_UNIVERSAL_TIME_OFFSET ( 2, 0, .AHEAD. ) ;
#746 = CARTESIAN_POINT ( 'NONE',  ( -5.367034112149509539, 12.00000000000000178, -2.249999999999996891 ) ) ;
#747 = AXIS2_PLACEMENT_3D ( 'NONE', #1871, #165, #1580 ) ;
#748 = CYLINDRICAL_SURFACE ( 'NONE', #1044, 1.024999999999999911 ) ;
#749 = DIRECTION ( 'NONE',  ( 0.000000000000000000, 0.000000000000000000, 1.000000000000000000 ) ) ;
#750 = AXIS2_PLACEMENT_3D ( 'NONE', #470, #1772, #41 ) ;
#751 = CYLINDRICAL_SURFACE ( 'NONE', #1697, 7.000000000000000000 ) ;
#752 = DIRECTION ( 'NONE',  ( 1.000000000000000000, -0.000000000000000000, -0.000000000000000000 ) ) ;
#753 = ORIENTED_EDGE ( 'NONE', *, *, #338, .T. ) ;
#754 = LINE ( 'NONE', #843, #917 ) ;
#755 = EDGE_CURVE ( 'NONE', #40, #587, #1423, .T. ) ;
#756 = DIRECTION ( 'NONE',  ( 0.000000000000000000, 0.8660254037844382635, 0.5000000000000005551 ) ) ;
#757 = VERTEX_POINT ( 'NONE', #1609 ) ;
#758 = VERTEX_POINT ( 'NONE', #1320 ) ;
#759 = DIRECTION ( 'NONE',  ( -1.000000000000000000, -0.000000000000000000, -0.000000000000000000 ) ) ;
#760 = ORIENTED_EDGE ( 'NONE', *, *, #881, .F. ) ;
#761 = DIRECTION ( 'NONE',  ( 0.000000000000000000, 0.000000000000000000, -1.000000000000000000 ) ) ;
#762 = CARTESIAN_POINT ( 'NONE',  ( -8.367034112149511316, 0.000000000000000000, 0.000000000000000000 ) ) ;
#763 = DIRECTION ( 'NONE',  ( 1.000000000000000000, 0.000000000000000000, 0.000000000000000000 ) ) ;
#764 = EDGE_CURVE ( 'NONE', #1429, #1597, #1093, .T. ) ;
#765 = CARTESIAN_POINT ( 'NONE',  ( 23.63296588785049224, 5.529280298150299197E-16, -4.514999999999999680 ) ) ;
#766 = DIRECTION ( 'NONE',  ( 0.000000000000000000, 0.000000000000000000, 1.000000000000000000 ) ) ;
#767 = VERTEX_POINT ( 'NONE', #5 ) ;
#768 = DIRECTION ( 'NONE',  ( 0.000000000000000000, 0.000000000000000000, -1.000000000000000000 ) ) ;
#769 = DIRECTION ( 'NONE',  ( 1.000000000000000000, 0.000000000000000000, 0.000000000000000000 ) ) ;
#770 = VERTEX_POINT ( 'NONE', #1462 ) ;
#771 = CARTESIAN_POINT ( 'NONE',  ( -11.36703411214950954, 0.000000000000000000, 0.000000000000000000 ) ) ;
#772 = FACE_OUTER_BOUND ( 'NONE', #993, .T. ) ;
#773 = DIRECTION ( 'NONE',  ( -1.000000000000000000, -0.000000000000000000, -0.000000000000000000 ) ) ;
#774 = VECTOR ( 'NONE', #1862, 1000.000000000000000 ) ;
#775 = EDGE_CURVE ( 'NONE', #562, #216, #1183, .T. ) ;
#776 = ORIENTED_EDGE ( 'NONE', *, *, #260, .F. ) ;
#777 = DIRECTION ( 'NONE',  ( -1.000000000000000000, -0.000000000000000000, -0.000000000000000000 ) ) ;
#778 = FACE_OUTER_BOUND ( 'NONE', #459, .T. ) ;
#779 = DIRECTION ( 'NONE',  ( 0.000000000000000000, 0.000000000000000000, 1.000000000000000000 ) ) ;
#780 = AXIS2_PLACEMENT_3D ( 'NONE', #1315, #732, #1153 ) ;
#781 = ORIENTED_EDGE ( 'NONE', *, *, #462, .T. ) ;
#782 = FACE_BOUND ( 'NONE', #969, .T. ) ;
#783 = VERTEX_POINT ( 'NONE', #1447 ) ;
#784 = DIRECTION ( 'NONE',  ( -1.000000000000000000, 0.000000000000000000, 0.000000000000000000 ) ) ;
#785 = ORIENTED_EDGE ( 'NONE', *, *, #391, .T. ) ;
#786 = CARTESIAN_POINT ( 'NONE',  ( 24.63296588785049224, 1.734723475976807094E-15, -13.25000000000000178 ) ) ;
#787 = DIRECTION ( 'NONE',  ( -1.000000000000000000, -0.000000000000000000, -0.000000000000000000 ) ) ;
#788 = ORIENTED_EDGE ( 'NONE', *, *, #491, .T. ) ;
#789 = PERSON_AND_ORGANIZATION_ROLE ( 'creator' ) ;
#790 = DIRECTION ( 'NONE',  ( 0.000000000000000000, 0.000000000000000000, -1.000000000000000000 ) ) ;
#791 = DIRECTION ( 'NONE',  ( -1.000000000000000000, -0.000000000000000000, -0.000000000000000000 ) ) ;
#792 = AXIS2_PLACEMENT_3D ( 'NONE', #586, #1155, #1869 ) ;
#793 = DIRECTION ( 'NONE',  ( -1.000000000000000000, -0.000000000000000000, -0.000000000000000000 ) ) ;
#794 = VERTEX_POINT ( 'NONE', #568 ) ;
#795 = DIRECTION ( 'NONE',  ( 0.000000000000000000, 0.000000000000000000, 1.000000000000000000 ) ) ;
#796 = DATE_AND_TIME ( #30, #1245 ) ;
#797 = DIRECTION ( 'NONE',  ( 0.000000000000000000, 0.000000000000000000, -1.000000000000000000 ) ) ;
#798 = ADVANCED_BREP_SHAPE_REPRESENTATION ( 'K01-P-003', ( #289, #696 ), #343 ) ;
#799 = CALENDAR_DATE ( 2026, 7, 9 ) ;
#800 = FACE_OUTER_BOUND ( 'NONE', #1814, .T. ) ;
#801 = VERTEX_POINT ( 'NONE', #1729 ) ;
#802 = DIRECTION ( 'NONE',  ( 1.000000000000000000, 0.000000000000000000, 0.000000000000000000 ) ) ;
#803 = CYLINDRICAL_SURFACE ( 'NONE', #1445, 3.500000000000000000 ) ;
#804 = CARTESIAN_POINT ( 'NONE',  ( 31.13296588785049224, 0.000000000000000000, 0.000000000000000000 ) ) ;
#805 = AXIS2_PLACEMENT_3D ( 'NONE', #1124, #558, #538 ) ;
#806 = ORIENTED_EDGE ( 'NONE', *, *, #550, .T. ) ;
#807 = LINE ( 'NONE', #417, #1872 ) ;
#808 = CC_DESIGN_DATE_AND_TIME_ASSIGNMENT ( #796, #370, ( #706 ) ) ;
#809 = DIRECTION ( 'NONE',  ( 1.000000000000000000, 0.000000000000000000, 0.000000000000000000 ) ) ;
#810 = ORIENTED_EDGE ( 'NONE', *, *, #550, .F. ) ;
#811 = ORIENTED_EDGE ( 'NONE', *, *, #1594, .F. ) ;
#812 = PERSON_AND_ORGANIZATION_ROLE ( 'design_supplier' ) ;
#813 = CARTESIAN_POINT ( 'NONE',  ( 3.632965887850489572, 0.000000000000000000, 4.299999999999999822 ) ) ;
#814 = APPROVAL_STATUS ( 'not_yet_approved' ) ;
#815 = DIRECTION ( 'NONE',  ( 0.000000000000000000, 0.000000000000000000, 1.000000000000000000 ) ) ;
#816 = EDGE_CURVE ( 'NONE', #834, #1117, #423, .T. ) ;
#817 = ORIENTED_EDGE ( 'NONE', *, *, #1515, .F. ) ;
#818 = CARTESIAN_POINT ( 'NONE',  ( 2.682965887850491615, 0.000000000000000000, 0.000000000000000000 ) ) ;
#819 = EDGE_CURVE ( 'NONE', #1709, #1768, #1050, .T. ) ;
#820 = VERTEX_POINT ( 'NONE', #1587 ) ;
#821 = CIRCLE ( 'NONE', #1082, 2.249999999999996891 ) ;
#822 = CIRCLE ( 'NONE', #1013, 10.09999999999999964 ) ;
#823 = DIRECTION ( 'NONE',  ( 0.000000000000000000, 0.000000000000000000, 1.000000000000000000 ) ) ;
#824 = ORIENTED_EDGE ( 'NONE', *, *, #1125, .T. ) ;
#825 = CYLINDRICAL_SURFACE ( 'NONE', #1879, 3.950000000000000178 ) ;
#826 = ORIENTED_EDGE ( 'NONE', *, *, #1411, .T. ) ;
#827 = EDGE_LOOP ( 'NONE', ( #1592, #404 ) ) ;
#828 = ORIENTED_EDGE ( 'NONE', *, *, #204, .F. ) ;
#829 = CARTESIAN_POINT ( 'NONE',  ( 24.63296588785049224, -10.58716056126476524, 7.137499999999996625 ) ) ;
#830 = AXIS2_PLACEMENT_3D ( 'NONE', #1479, #884, #472 ) ;
#831 = ORIENTED_EDGE ( 'NONE', *, *, #876, .F. ) ;
#832 = DIRECTION ( 'NONE',  ( 0.000000000000000000, 0.000000000000000000, 1.000000000000000000 ) ) ;
#833 = DIRECTION ( 'NONE',  ( -1.000000000000000000, -0.000000000000000000, -0.000000000000000000 ) ) ;
#834 = VERTEX_POINT ( 'NONE', #880 ) ;
#835 = DIRECTION ( 'NONE',  ( -1.000000000000000000, -0.000000000000000000, -0.000000000000000000 ) ) ;
#836 = EDGE_CURVE ( 'NONE', #671, #543, #1487, .T. ) ;
#837 = CARTESIAN_POINT ( 'NONE',  ( 28.53296588785049082, 0.000000000000000000, 0.000000000000000000 ) ) ;
#838 = CYLINDRICAL_SURFACE ( 'NONE', #406, 6.000000000000000888 ) ;
#839 = CARTESIAN_POINT ( 'NONE',  ( 3.632965887850489572, 5.265981236333618470E-16, -4.299999999999999822 ) ) ;
#840 = LINE ( 'NONE', #1791, #36 ) ;
#841 = DIRECTION ( 'NONE',  ( -1.000000000000000000, -0.000000000000000000, -0.000000000000000000 ) ) ;
#842 = FACE_OUTER_BOUND ( 'NONE', #1873, .T. ) ;
#843 = CARTESIAN_POINT ( 'NONE',  ( -11.36703411214950954, 6.123233995736766282E-16, -5.000000000000000000 ) ) ;
#844 = ORIENTED_EDGE ( 'NONE', *, *, #911, .T. ) ;
#845 = VECTOR ( 'NONE', #335, 1000.000000000000000 ) ;
#846 = AXIS2_PLACEMENT_3D ( 'NONE', #460, #802, #1823 ) ;
#847 = ORIENTED_EDGE ( 'NONE', *, *, #904, .T. ) ;
#848 = DIRECTION ( 'NONE',  ( -1.000000000000000000, 0.000000000000000000, -0.000000000000000000 ) ) ;
#849 = CARTESIAN_POINT ( 'NONE',  ( 2.682965887850491615, 4.837354856632045057E-16, -3.950000000000000178 ) ) ;
#850 = AXIS2_PLACEMENT_3D ( 'NONE', #804, #90, #1089 ) ;
#851 = ADVANCED_FACE ( 'NONE', ( #1689, #327, #149, #621, #665 ), #1452, .T. ) ;
#852 = EDGE_CURVE ( 'NONE', #1401, #564, #261, .T. ) ;
#853 = CARTESIAN_POINT ( 'NONE',  ( -5.367034112149509539, -6.000000000000050626, -12.64230484541323563 ) ) ;
#854 = DIRECTION ( 'NONE',  ( -1.000000000000000000, -0.000000000000000000, -0.000000000000000000 ) ) ;
#855 = CARTESIAN_POINT ( 'NONE',  ( 29.63296588785049224, 0.000000000000000000, 6.000000000000000888 ) ) ;
#856 = EDGE_LOOP ( 'NONE', ( #737, #559 ) ) ;
#857 = CARTESIAN_POINT ( 'NONE',  ( 2.632965887850490461, 0.000000000000000000, 0.000000000000000000 ) ) ;
#858 = ADVANCED_FACE ( 'NONE', ( #467, #1305 ), #1143, .T. ) ;
#859 = CARTESIAN_POINT ( 'NONE',  ( 29.63296588785049224, 0.000000000000000000, 0.000000000000000000 ) ) ;
#860 = APPROVAL_DATE_TIME ( #1705, #998 ) ;
#861 = AXIS2_PLACEMENT_3D ( 'NONE', #702, #865, #1454 ) ;
#862 = LINE ( 'NONE', #922, #1596 ) ;
#863 = DIRECTION ( 'NONE',  ( 1.000000000000000000, 0.000000000000000000, 0.000000000000000000 ) ) ;
#864 = FACE_BOUND ( 'NONE', #219, .T. ) ;
#865 = DIRECTION ( 'NONE',  ( -1.000000000000000000, 0.000000000000000000, 0.000000000000000000 ) ) ;
#866 = EDGE_LOOP ( 'NONE', ( #1501, #449 ) ) ;
#867 = ORIENTED_EDGE ( 'NONE', *, *, #1515, .T. ) ;
#868 = FACE_OUTER_BOUND ( 'NONE', #307, .T. ) ;
#869 = ORIENTED_EDGE ( 'NONE', *, *, #819, .F. ) ;
#870 = CIRCLE ( 'NONE', #1059, 3.950000000000000178 ) ;
#871 = ADVANCED_FACE ( 'NONE', ( #556, #278, #173, #1783, #1646 ), #169, .F. ) ;
#872 = CARTESIAN_POINT ( 'NONE',  ( 29.63296588785049224, 0.000000000000000000, 0.000000000000000000 ) ) ;
#873 = ORIENTED_EDGE ( 'NONE', *, *, #69, .F. ) ;
#874 = ORIENTED_EDGE ( 'NONE', *, *, #585, .T. ) ;
#875 = ADVANCED_FACE ( 'NONE', ( #531 ), #236, .F. ) ;
#876 = EDGE_CURVE ( 'NONE', #1285, #636, #1400, .T. ) ;
#877 = DIRECTION ( 'NONE',  ( -1.000000000000000000, -0.000000000000000000, -0.000000000000000000 ) ) ;
#878 = AXIS2_PLACEMENT_3D ( 'NONE', #857, #184, #1486 ) ;
#879 = ORIENTED_EDGE ( 'NONE', *, *, #705, .F. ) ;
#880 = CARTESIAN_POINT ( 'NONE',  ( 3.632965887850489572, 0.000000000000000000, 3.950000000000000178 ) ) ;
#881 = EDGE_CURVE ( 'NONE', #801, #474, #1252, .T. ) ;
#882 = CARTESIAN_POINT ( 'NONE',  ( -5.367034112149509539, 0.000000000000000000, 0.000000000000000000 ) ) ;
#883 = AXIS2_PLACEMENT_3D ( 'NONE', #125, #1338, #1427 ) ;
#884 = DIRECTION ( 'NONE',  ( 1.000000000000000000, 0.000000000000000000, 0.000000000000000000 ) ) ;
#885 = AXIS2_PLACEMENT_3D ( 'NONE', #920, #1367, #49 ) ;
#886 = EDGE_LOOP ( 'NONE', ( #333, #281 ) ) ;
#887 = ORIENTED_EDGE ( 'NONE', *, *, #105, .T. ) ;
#888 = DIRECTION ( 'NONE',  ( 0.000000000000000000, 0.8660254037844382635, 0.5000000000000005551 ) ) ;
#889 = FACE_OUTER_BOUND ( 'NONE', #311, .T. ) ;
#890 = CIRCLE ( 'NONE', #1281, 10.09999999999999964 ) ;
#891 = ORIENTED_EDGE ( 'NONE', *, *, #368, .T. ) ;
#892 = EDGE_LOOP ( 'NONE', ( #1562, #828, #15, #1379 ) ) ;
#893 = CARTESIAN_POINT ( 'NONE',  ( 29.63296588785049224, 0.000000000000000000, -8.000000000000000000 ) ) ;
#894 = CYLINDRICAL_SURFACE ( 'NONE', #541, 2.799999999999999822 ) ;
#895 = DIRECTION ( 'NONE',  ( -1.000000000000000000, -0.000000000000000000, -0.000000000000000000 ) ) ;
#896 = ORIENTED_EDGE ( 'NONE', *, *, #232, .F. ) ;
#897 = CARTESIAN_POINT ( 'NONE',  ( 23.63296588785049224, 0.000000000000000000, 0.000000000000000000 ) ) ;
#898 = EDGE_CURVE ( 'NONE', #718, #1556, #1006, .T. ) ;
#899 = DIRECTION ( 'NONE',  ( 0.000000000000000000, -0.8660254037844391517, 0.4999999999999992228 ) ) ;
#900 = ORIENTED_EDGE ( 'NONE', *, *, #1324, .T. ) ;
#901 = CC_DESIGN_APPROVAL ( #422, ( #588 ) ) ;
#902 = DIRECTION ( 'NONE',  ( 0.000000000000000000, 0.000000000000000000, 1.000000000000000000 ) ) ;
#903 = DIRECTION ( 'NONE',  ( 0.000000000000000000, 0.000000000000000000, 1.000000000000000000 ) ) ;
#904 = EDGE_CURVE ( 'NONE', #718, #428, #1739, .T. ) ;
#905 = ORIENTED_EDGE ( 'NONE', *, *, #1675, .F. ) ;
#906 = DIRECTION ( 'NONE',  ( 0.000000000000000000, 0.000000000000000000, 1.000000000000000000 ) ) ;
#907 = DIRECTION ( 'NONE',  ( 1.000000000000000000, 0.000000000000000000, 0.000000000000000000 ) ) ;
#908 = CARTESIAN_POINT ( 'NONE',  ( 29.63296588785049224, 0.000000000000000000, 0.000000000000000000 ) ) ;
#909 = CALENDAR_DATE ( 2026, 7, 9 ) ;
#910 = CARTESIAN_POINT ( 'NONE',  ( 24.63296588785049224, 8.000000000000000000, 0.000000000000000000 ) ) ;
#911 = EDGE_CURVE ( 'NONE', #1468, #1076, #189, .T. ) ;
#912 = FACE_OUTER_BOUND ( 'NONE', #1726, .T. ) ;
#913 = AXIS2_PLACEMENT_3D ( 'NONE', #1839, #685, #1850 ) ;
#914 = FACE_OUTER_BOUND ( 'NONE', #1876, .T. ) ;
#915 = DIRECTION ( 'NONE',  ( 1.000000000000000000, 0.000000000000000000, 0.000000000000000000 ) ) ;
#916 = EDGE_LOOP ( 'NONE', ( #515, #1538, #1560, #1631 ) ) ;
#917 = VECTOR ( 'NONE', #255, 1000.000000000000000 ) ;
#918 = ORIENTED_EDGE ( 'NONE', *, *, #911, .F. ) ;
#919 = CYLINDRICAL_SURFACE ( 'NONE', #861, 17.00000000000000355 ) ;
#920 = CARTESIAN_POINT ( 'NONE',  ( -5.367034112149509539, -6.000000000000050626, -10.39230484541323918 ) ) ;
#921 = DIRECTION ( 'NONE',  ( -1.000000000000000000, -0.000000000000000000, -0.000000000000000000 ) ) ;
#922 = CARTESIAN_POINT ( 'NONE',  ( -11.36703411214950954, 0.000000000000000000, 5.458499999999999908 ) ) ;
#923 = AXIS2_PLACEMENT_3D ( 'NONE', #1035, #716, #1171 ) ;
#924 = DIRECTION ( 'NONE',  ( 1.000000000000000000, 0.000000000000000000, 0.000000000000000000 ) ) ;
#925 = ORIENTED_EDGE ( 'NONE', *, *, #1204, .T. ) ;
#926 = ORIENTED_EDGE ( 'NONE', *, *, #2, .F. ) ;
#927 = AXIS2_PLACEMENT_3D ( 'NONE', #326, #1621, #1492 ) ;
#928 = CARTESIAN_POINT ( 'NONE',  ( 28.53296588785049082, 0.000000000000000000, 0.000000000000000000 ) ) ;
#929 = ORIENTED_EDGE ( 'NONE', *, *, #996, .T. ) ;
#930 = CARTESIAN_POINT ( 'NONE',  ( 3.632965887850489572, 4.837354856632045057E-16, -3.950000000000000178 ) ) ;
#931 = PERSON_AND_ORGANIZATION ( #1273, #1801 ) ;
#932 = APPLICATION_CONTEXT ( 'configuration controlled 3d designs of mechanical parts and assemblies' ) ;
#933 = CYLINDRICAL_SURFACE ( 'NONE', #1453, 16.50000000000000000 ) ;
#934 = ORIENTED_EDGE ( 'NONE', *, *, #1761, .T. ) ;
#935 = EDGE_LOOP ( 'NONE', ( #495, #1811 ) ) ;
#936 = DIRECTION ( 'NONE',  ( -1.000000000000000000, 0.000000000000000000, 0.000000000000000000 ) ) ;
#937 = CIRCLE ( 'NONE', #1842, 4.514999999999999680 ) ;
#938 = EDGE_CURVE ( 'NONE', #1206, #1513, #485, .T. ) ;
#939 = CC_DESIGN_DATE_AND_TIME_ASSIGNMENT ( #1302, #1661, ( #1821 ) ) ;
#940 = LINE ( 'NONE', #63, #1667 ) ;
#941 = DIRECTION ( 'NONE',  ( -1.000000000000000000, -0.000000000000000000, -0.000000000000000000 ) ) ;
#942 = ORIENTED_EDGE ( 'NONE', *, *, #292, .T. ) ;
#943 = CIRCLE ( 'NONE', #1704, 2.249999999999996891 ) ;
#944 = APPLICATION_CONTEXT ( 'configuration controlled 3d designs of mechanical parts and assemblies' ) ;
#945 = ORIENTED_EDGE ( 'NONE', *, *, #1563, .T. ) ;
#946 = CARTESIAN_POINT ( 'NONE',  ( -2.367034112149509983, 2.081899558550500674E-15, -17.00000000000000355 ) ) ;
#947 = DIRECTION ( 'NONE',  ( -1.000000000000000000, -0.000000000000000000, -0.000000000000000000 ) ) ;
#948 = VERTEX_POINT ( 'NONE', #47 ) ;
#949 = APPROVAL_ROLE ( '' ) ;
#950 = AXIS2_PLACEMENT_3D ( 'NONE', #1581, #726, #583 ) ;
#951 = CARTESIAN_POINT ( 'NONE',  ( 2.682965887850491615, 0.000000000000000000, 0.000000000000000000 ) ) ;
#952 = AXIS2_PLACEMENT_3D ( 'NONE', #1116, #143, #723 ) ;
#953 = CARTESIAN_POINT ( 'NONE',  ( -5.367034112149509539, -5.999999999999904965, 12.64230484541331556 ) ) ;
#954 = EDGE_CURVE ( 'NONE', #1174, #1860, #1760, .T. ) ;
#955 = APPROVAL_STATUS ( 'not_yet_approved' ) ;
#956 = ORIENTED_EDGE ( 'NONE', *, *, #48, .F. ) ;
#957 = DATE_AND_TIME ( #909, #663 ) ;
#958 = FACE_OUTER_BOUND ( 'NONE', #112, .T. ) ;
#959 = PERSON_AND_ORGANIZATION_ROLE ( 'creator' ) ;
#960 = FACE_OUTER_BOUND ( 'NONE', #1356, .T. ) ;
#961 = DIRECTION ( 'NONE',  ( 0.000000000000000000, 0.000000000000000000, -1.000000000000000000 ) ) ;
#962 = EDGE_LOOP ( 'NONE', ( #1261, #298 ) ) ;
#963 = FACE_OUTER_BOUND ( 'NONE', #886, .T. ) ;
#964 = ORIENTED_EDGE ( 'NONE', *, *, #421, .F. ) ;
#965 = CIRCLE ( 'NONE', #1782, 3.299999999999999822 ) ;
#966 = DIRECTION ( 'NONE',  ( 0.000000000000000000, 0.000000000000000000, 1.000000000000000000 ) ) ;
#967 = CARTESIAN_POINT ( 'NONE',  ( 31.13296588785049224, 0.000000000000000000, 0.000000000000000000 ) ) ;
#968 = DIRECTION ( 'NONE',  ( -1.000000000000000000, -0.000000000000000000, -0.000000000000000000 ) ) ;
#969 = EDGE_LOOP ( 'NONE', ( #1448, #247 ) ) ;
#970 = ORIENTED_EDGE ( 'NONE', *, *, #1499, .T. ) ;
#971 = DIRECTION ( 'NONE',  ( 1.000000000000000000, 0.000000000000000000, 0.000000000000000000 ) ) ;
#972 = EDGE_CURVE ( 'NONE', #1170, #1254, #576, .T. ) ;
#973 = DIRECTION ( 'NONE',  ( 1.000000000000000000, 0.000000000000000000, 0.000000000000000000 ) ) ;
#974 = ORIENTED_EDGE ( 'NONE', *, *, #649, .F. ) ;
#975 = EDGE_LOOP ( 'NONE', ( #926, #1130 ) ) ;
#976 = AXIS2_PLACEMENT_3D ( 'NONE', #1477, #738, #316 ) ;
#977 = DIRECTION ( 'NONE',  ( 1.000000000000000000, -0.000000000000000000, -0.000000000000000000 ) ) ;
#978 = DIRECTION ( 'NONE',  ( 0.000000000000000000, 0.000000000000000000, 1.000000000000000000 ) ) ;
#979 = EDGE_CURVE ( 'NONE', #182, #1425, #1376, .T. ) ;
#980 = PERSON_AND_ORGANIZATION ( #1273, #1801 ) ;
#981 = CARTESIAN_POINT ( 'NONE',  ( -8.367034112149511316, 0.000000000000000000, 5.000000000000000000 ) ) ;
#982 = CIRCLE ( 'NONE', #1512, 1.025000000000000577 ) ;
#983 = LINE ( 'NONE', #12, #1133 ) ;
#984 = FACE_OUTER_BOUND ( 'NONE', #1476, .T. ) ;
#985 = AXIS2_PLACEMENT_3D ( 'NONE', #498, #1803, #766 ) ;
#986 = CARTESIAN_POINT ( 'NONE',  ( 31.13296588785049224, 0.000000000000000000, 0.000000000000000000 ) ) ;
#987 = VERTEX_POINT ( 'NONE', #746 ) ;
#988 = FACE_OUTER_BOUND ( 'NONE', #1241, .T. ) ;
#989 = CARTESIAN_POINT ( 'NONE',  ( 31.13296588785049224, 0.000000000000000000, 6.000000000000000888 ) ) ;
#990 = AXIS2_PLACEMENT_3D ( 'NONE', #212, #59, #1194 ) ;
#991 = EDGE_LOOP ( 'NONE', ( #175, #475 ) ) ;
#992 = EDGE_CURVE ( 'NONE', #1212, #1045, #1028, .T. ) ;
#993 = EDGE_LOOP ( 'NONE', ( #314, #1263, #514, #1749 ) ) ;
#994 = ADVANCED_FACE ( 'NONE', ( #104 ), #1711, .F. ) ;
#995 = DIRECTION ( 'NONE',  ( -1.000000000000000000, -0.000000000000000000, -0.000000000000000000 ) ) ;
#996 = EDGE_CURVE ( 'NONE', #501, #1314, #1599, .T. ) ;
#997 = CARTESIAN_POINT ( 'NONE',  ( 29.63296588785049224, 1.734723475976807094E-15, -13.25000000000000178 ) ) ;
#998 = APPROVAL ( #1527, 'UNSPECIFIED' ) ;
#999 = LOCAL_TIME ( 17, 31, 18.00000000000000000, #209 ) ;
#1000 = DIRECTION ( 'NONE',  ( -1.000000000000000000, 0.000000000000000000, 0.000000000000000000 ) ) ;
#1001 = EDGE_CURVE ( 'NONE', #1010, #1510, #601, .T. ) ;
#1002 = CARTESIAN_POINT ( 'NONE',  ( 28.53296588785049082, 0.000000000000000000, -8.000000000000000000 ) ) ;
#1003 = ORIENTED_EDGE ( 'NONE', *, *, #615, .F. ) ;
#1004 = CYLINDRICAL_SURFACE ( 'NONE', #270, 7.000000000000000000 ) ;
#1005 = ORIENTED_EDGE ( 'NONE', *, *, #181, .F. ) ;
#1006 = CIRCLE ( 'NONE', #83, 1.025000000000000577 ) ;
#1007 = ORIENTED_EDGE ( 'NONE', *, *, #1471, .T. ) ;
#1008 = CIRCLE ( 'NONE', #119, 4.514999999999999680 ) ;
#1009 = EDGE_CURVE ( 'NONE', #1096, #40, #940, .T. ) ;
#1010 = VERTEX_POINT ( 'NONE', #215 ) ;
#1011 = CIRCLE ( 'NONE', #1647, 5.458499999999999908 ) ;
#1012 = CC_DESIGN_APPROVAL ( #552, ( #1821 ) ) ;
#1013 = AXIS2_PLACEMENT_3D ( 'NONE', #1436, #1706, #699 ) ;
#1014 = DIRECTION ( 'NONE',  ( 0.000000000000000000, 0.000000000000000000, 1.000000000000000000 ) ) ;
#1015 = ADVANCED_FACE ( 'NONE', ( #984 ), #490, .T. ) ;
#1016 = ORIENTED_EDGE ( 'NONE', *, *, #1306, .F. ) ;
#1017 = ADVANCED_FACE ( 'NONE', ( #1332, #1282 ), #1074, .T. ) ;
#1018 = CARTESIAN_POINT ( 'NONE',  ( 2.682965887850491615, 0.000000000000000000, 0.000000000000000000 ) ) ;
#1019 = AXIS2_PLACEMENT_3D ( 'NONE', #88, #1398, #1238 ) ;
#1020 = ORIENTED_EDGE ( 'NONE', *, *, #775, .F. ) ;
#1021 = ORIENTED_EDGE ( 'NONE', *, *, #1411, .F. ) ;
#1022 = AXIS2_PLACEMENT_3D ( 'NONE', #1838, #971, #113 ) ;
#1023 = COORDINATED_UNIVERSAL_TIME_OFFSET ( 2, 0, .AHEAD. ) ;
#1024 = FACE_OUTER_BOUND ( 'NONE', #430, .T. ) ;
#1025 = CARTESIAN_POINT ( 'NONE',  ( -8.367034112149511316, 0.000000000000000000, 2.799999999999999822 ) ) ;
#1026 = FACE_OUTER_BOUND ( 'NONE', #64, .T. ) ;
#1027 = CARTESIAN_POINT ( 'NONE',  ( 23.63296588785049224, -4.315000000000000391, 1.649999999999999911 ) ) ;
#1028 = CIRCLE ( 'NONE', #1636, 3.500000000000000000 ) ;
#1029 = ORIENTED_EDGE ( 'NONE', *, *, #476, .T. ) ;
#1030 = LINE ( 'NONE', #1700, #450 ) ;
#1031 = DIRECTION ( 'NONE',  ( 0.000000000000000000, 0.000000000000000000, 1.000000000000000000 ) ) ;
#1032 = DIRECTION ( 'NONE',  ( 1.000000000000000000, -0.000000000000000000, -0.000000000000000000 ) ) ;
#1033 = EDGE_LOOP ( 'NONE', ( #873, #811 ) ) ;
#1034 = EDGE_CURVE ( 'NONE', #22, #1096, #890, .T. ) ;
#1035 = CARTESIAN_POINT ( 'NONE',  ( -5.367034112149509539, -5.999999999999904965, 10.39230484541332089 ) ) ;
#1036 = ADVANCED_FACE ( 'NONE', ( #126, #1623 ), #1084, .T. ) ;
#1037 = ORIENTED_EDGE ( 'NONE', *, *, #1433, .T. ) ;
#1038 = DIRECTION ( 'NONE',  ( 1.000000000000000000, 0.000000000000000000, 0.000000000000000000 ) ) ;
#1039 = ORIENTED_EDGE ( 'NONE', *, *, #1830, .T. ) ;
#1040 = CARTESIAN_POINT ( 'NONE',  ( -11.36703411214950954, -4.315000000000000391, 1.328909327230415771 ) ) ;
#1041 = DIRECTION ( 'NONE',  ( 1.000000000000000000, 0.000000000000000000, 0.000000000000000000 ) ) ;
#1042 = ORIENTED_EDGE ( 'NONE', *, *, #674, .T. ) ;
#1043 = DIRECTION ( 'NONE',  ( 0.000000000000000000, 0.000000000000000000, 1.000000000000000000 ) ) ;
#1044 = AXIS2_PLACEMENT_3D ( 'NONE', #1359, #1350, #768 ) ;
#1045 = VERTEX_POINT ( 'NONE', #1498 ) ;
#1046 = COORDINATED_UNIVERSAL_TIME_OFFSET ( 2, 0, .AHEAD. ) ;
#1047 = AXIS2_PLACEMENT_3D ( 'NONE', #1422, #563, #1725 ) ;
#1048 = CIRCLE ( 'NONE', #9, 3.950000000000000178 ) ;
#1049 = CARTESIAN_POINT ( 'NONE',  ( 24.63296588785049224, 0.000000000000000000, 0.000000000000000000 ) ) ;
#1050 = CIRCLE ( 'NONE', #473, 8.000000000000000000 ) ;
#1051 = EDGE_LOOP ( 'NONE', ( #1266, #1063, #1802, #176 ) ) ;
#1052 = FACE_OUTER_BOUND ( 'NONE', #600, .T. ) ;
#1053 = CARTESIAN_POINT ( 'NONE',  ( 29.63296588785049224, 0.000000000000000000, 0.000000000000000000 ) ) ;
#1054 = ORIENTED_EDGE ( 'NONE', *, *, #1754, .F. ) ;
#1055 = LINE ( 'NONE', #1120, #1790 ) ;
#1056 = CARTESIAN_POINT ( 'NONE',  ( -11.36703411214950954, -4.315000000000000391, -1.328909327230415771 ) ) ;
#1057 = ORIENTED_EDGE ( 'NONE', *, *, #1287, .T. ) ;
#1058 = CARTESIAN_POINT ( 'NONE',  ( 24.63296588785049224, 11.47483660014381179, 7.649999999999998579 ) ) ;
#1059 = AXIS2_PLACEMENT_3D ( 'NONE', #435, #146, #445 ) ;
#1060 = CARTESIAN_POINT ( 'NONE',  ( 15.63296588785049401, -4.315000000000000391, 1.328909327230415771 ) ) ;
#1061 = ORIENTED_EDGE ( 'NONE', *, *, #446, .F. ) ;
#1062 = CARTESIAN_POINT ( 'NONE',  ( 29.63296588785049224, 11.47483660014381179, 5.599999999999998757 ) ) ;
#1063 = ORIENTED_EDGE ( 'NONE', *, *, #1127, .T. ) ;
#1064 = CARTESIAN_POINT ( 'NONE',  ( -2.367034112149509983, 0.000000000000000000, 6.999999999999976907 ) ) ;
#1065 = CARTESIAN_POINT ( 'NONE',  ( -2.367034112149509983, 0.000000000000000000, 0.000000000000000000 ) ) ;
#1066 = EDGE_CURVE ( 'NONE', #1677, #1301, #1090, .T. ) ;
#1067 = CC_DESIGN_APPROVAL ( #998, ( #1723 ) ) ;
#1068 = CYLINDRICAL_SURFACE ( 'NONE', #1478, 1.024999999999999689 ) ;
#1069 = DIRECTION ( 'NONE',  ( 0.000000000000000000, 0.000000000000000000, 1.000000000000000000 ) ) ;
#1070 = AXIS2_PLACEMENT_3D ( 'NONE', #1344, #1639, #52 ) ;
#1071 = FACE_BOUND ( 'NONE', #991, .T. ) ;
#1072 = CARTESIAN_POINT ( 'NONE',  ( 28.53296588785049082, 0.000000000000000000, 0.000000000000000000 ) ) ;
#1073 = CYLINDRICAL_SURFACE ( 'NONE', #1269, 4.514999999999999680 ) ;
#1074 = PLANE ( 'NONE',  #1672 ) ;
#1075 = VERTEX_POINT ( 'NONE', #1524 ) ;
#1076 = VERTEX_POINT ( 'NONE', #633 ) ;
#1077 = VECTOR ( 'NONE', #1137, 1000.000000000000000 ) ;
#1078 = DIRECTION ( 'NONE',  ( -1.000000000000000000, -0.000000000000000000, -0.000000000000000000 ) ) ;
#1079 = ORIENTED_EDGE ( 'NONE', *, *, #127, .T. ) ;
#1080 = ORIENTED_EDGE ( 'NONE', *, *, #1483, .T. ) ;
#1081 = CARTESIAN_POINT ( 'NONE',  ( -2.367034112149509983, 8.572527594031457413E-16, -6.999999999999976907 ) ) ;
#1082 = AXIS2_PLACEMENT_3D ( 'NONE', #612, #328, #46 ) ;
#1083 = DIRECTION ( 'NONE',  ( -1.000000000000000000, -0.000000000000000000, -0.000000000000000000 ) ) ;
#1084 = PLANE ( 'NONE',  #625 ) ;
#1085 = VERTEX_POINT ( 'NONE', #1222 ) ;
#1086 = AXIS2_PLACEMENT_3D ( 'NONE', #1383, #773, #373 ) ;
#1087 = APPLICATION_PROTOCOL_DEFINITION ( 'international standard', 'config_control_design', 1994, #944 ) ;
#1088 = CARTESIAN_POINT ( 'NONE',  ( 15.63296588785049046, 0.000000000000000000, 0.000000000000000000 ) ) ;
#1089 = DIRECTION ( 'NONE',  ( 0.000000000000000000, 0.000000000000000000, 1.000000000000000000 ) ) ;
#1090 = CIRCLE ( 'NONE', #1409, 17.00000000000000355 ) ;
#1091 = AXIS2_PLACEMENT_3D ( 'NONE', #1607, #3, #1128 ) ;
#1092 = PRODUCT_RELATED_PRODUCT_CATEGORY ( 'detail', '', ( #1147 ) ) ;
#1093 = LINE ( 'NONE', #442, #39 ) ;
#1094 = CARTESIAN_POINT ( 'NONE',  ( -11.36703411214950954, 6.684734553145827039E-16, -5.458499999999999908 ) ) ;
#1095 = ORIENTED_EDGE ( 'NONE', *, *, #1161, .T. ) ;
#1096 = VERTEX_POINT ( 'NONE', #1519 ) ;
#1097 = CIRCLE ( 'NONE', #1456, 3.299999999999999822 ) ;
#1098 = VERTEX_POINT ( 'NONE', #1227 ) ;
#1099 = ORIENTED_EDGE ( 'NONE', *, *, #972, .T. ) ;
#1100 = CARTESIAN_POINT ( 'NONE',  ( -8.367034112149511316, 0.000000000000000000, 0.000000000000000000 ) ) ;
#1101 = ORIENTED_EDGE ( 'NONE', *, *, #519, .T. ) ;
#1102 = DIRECTION ( 'NONE',  ( -1.000000000000000000, -0.000000000000000000, -0.000000000000000000 ) ) ;
#1103 = EDGE_CURVE ( 'NONE', #1570, #722, #377, .T. ) ;
#1104 = CARTESIAN_POINT ( 'NONE',  ( 24.63296588785049224, 1.734723475976807094E-15, -13.25000000000000178 ) ) ;
#1105 = CC_DESIGN_SECURITY_CLASSIFICATION ( #1821, ( #1668 ) ) ;
#1106 = DIRECTION ( 'NONE',  ( 0.000000000000000000, 0.000000000000000000, -1.000000000000000000 ) ) ;
#1107 = EDGE_LOOP ( 'NONE', ( #282, #680 ) ) ;
#1108 = DIRECTION ( 'NONE',  ( 1.000000000000000000, 0.000000000000000000, 0.000000000000000000 ) ) ;
#1109 = PERSON_AND_ORGANIZATION ( #1273, #1801 ) ;
#1110 = CIRCLE ( 'NONE', #1345, 4.299999999999999822 ) ;
#1111 = AXIS2_PLACEMENT_3D ( 'NONE', #1541, #1000, #136 ) ;
#1112 = FACE_BOUND ( 'NONE', #1764, .T. ) ;
#1113 = AXIS2_PLACEMENT_3D ( 'NONE', #986, #121, #1406 ) ;
#1114 = ORIENTED_EDGE ( 'NONE', *, *, #954, .F. ) ;
#1115 = FACE_OUTER_BOUND ( 'NONE', #1628, .T. ) ;
#1116 = CARTESIAN_POINT ( 'NONE',  ( -5.367034112149509539, -5.999999999999904965, 10.39230484541332089 ) ) ;
#1117 = VERTEX_POINT ( 'NONE', #930 ) ;
#1118 = FACE_BOUND ( 'NONE', #202, .T. ) ;
#1119 = ORIENTED_EDGE ( 'NONE', *, *, #1204, .F. ) ;
#1120 = CARTESIAN_POINT ( 'NONE',  ( -11.36703411214950954, 0.000000000000000000, 3.299999999999999822 ) ) ;
#1121 = CARTESIAN_POINT ( 'NONE',  ( 24.63296588785049224, 0.000000000000000000, 0.000000000000000000 ) ) ;
#1122 = DIRECTION ( 'NONE',  ( 1.000000000000000000, 0.000000000000000000, 0.000000000000000000 ) ) ;
#1123 = ORIENTED_EDGE ( 'NONE', *, *, #433, .F. ) ;
#1124 = CARTESIAN_POINT ( 'NONE',  ( 31.13296588785049224, 0.000000000000000000, 0.000000000000000000 ) ) ;
#1125 = EDGE_CURVE ( 'NONE', #770, #1677, #1421, .T. ) ;
#1126 = CARTESIAN_POINT ( 'NONE',  ( 3.632965887850489572, 0.000000000000000000, 0.000000000000000000 ) ) ;
#1127 = EDGE_CURVE ( 'NONE', #636, #1075, #213, .T. ) ;
#1128 = DIRECTION ( 'NONE',  ( 0.000000000000000000, 0.000000000000000000, -1.000000000000000000 ) ) ;
#1129 = PERSON_AND_ORGANIZATION ( #1273, #1801 ) ;
#1130 = ORIENTED_EDGE ( 'NONE', *, *, #1333, .F. ) ;
#1131 = DIRECTION ( 'NONE',  ( 0.000000000000000000, 0.000000000000000000, 1.000000000000000000 ) ) ;
#1132 = CYLINDRICAL_SURFACE ( 'NONE', #537, 8.000000000000000000 ) ;
#1133 = VECTOR ( 'NONE', #1622, 1000.000000000000000 ) ;
#1134 = DIRECTION ( 'NONE',  ( 0.000000000000000000, 0.000000000000000000, -1.000000000000000000 ) ) ;
#1135 = FACE_OUTER_BOUND ( 'NONE', #1629, .T. ) ;
#1136 = AXIS2_PLACEMENT_3D ( 'NONE', #95, #968, #1240 ) ;
#1137 = DIRECTION ( 'NONE',  ( -1.000000000000000000, -0.000000000000000000, -0.000000000000000000 ) ) ;
#1138 = ORIENTED_EDGE ( 'NONE', *, *, #292, .F. ) ;
#1139 = CARTESIAN_POINT ( 'NONE',  ( -11.36703411214950954, 0.000000000000000000, 0.000000000000000000 ) ) ;
#1140 = AXIS2_PLACEMENT_3D ( 'NONE', #653, #1526, #823 ) ;
#1141 = VERTEX_POINT ( 'NONE', #1062 ) ;
#1142 = ORIENTED_EDGE ( 'NONE', *, *, #1565, .T. ) ;
#1143 = PLANE ( 'NONE',  #1797 ) ;
#1144 = ADVANCED_FACE ( 'NONE', ( #889 ), #1665, .F. ) ;
#1145 = DIRECTION ( 'NONE',  ( 0.000000000000000000, 0.000000000000000000, -1.000000000000000000 ) ) ;
#1146 = ADVANCED_FACE ( 'NONE', ( #1396 ), #1375, .F. ) ;
#1147 = PRODUCT ( 'K01-P-003', 'K01-P-003', '', ( #662 ) ) ;
#1148 = DIRECTION ( 'NONE',  ( -1.000000000000000000, -0.000000000000000000, -0.000000000000000000 ) ) ;
#1149 = DIRECTION ( 'NONE',  ( -1.000000000000000000, -0.000000000000000000, -0.000000000000000000 ) ) ;
#1150 = AXIS2_PLACEMENT_3D ( 'NONE', #14, #1474, #740 ) ;
#1151 = EDGE_LOOP ( 'NONE', ( #734, #1674, #879, #299 ) ) ;
#1152 = PERSON_AND_ORGANIZATION ( #1273, #1801 ) ;
#1153 = DIRECTION ( 'NONE',  ( 0.000000000000000000, 0.000000000000000000, 1.000000000000000000 ) ) ;
#1154 = COORDINATED_UNIVERSAL_TIME_OFFSET ( 2, 0, .AHEAD. ) ;
#1155 = DIRECTION ( 'NONE',  ( -1.000000000000000000, -0.000000000000000000, -0.000000000000000000 ) ) ;
#1156 = VECTOR ( 'NONE', #682, 1000.000000000000000 ) ;
#1157 = LINE ( 'NONE', #258, #774 ) ;
#1158 = ORIENTED_EDGE ( 'NONE', *, *, #433, .T. ) ;
#1159 = ORIENTED_EDGE ( 'NONE', *, *, #73, .F. ) ;
#1160 = FACE_OUTER_BOUND ( 'NONE', #357, .T. ) ;
#1161 = EDGE_CURVE ( 'NONE', #1691, #1192, #1048, .T. ) ;
#1162 = ORIENTED_EDGE ( 'NONE', *, *, #1854, .F. ) ;
#1163 = DIRECTION ( 'NONE',  ( 1.000000000000000000, 0.000000000000000000, 0.000000000000000000 ) ) ;
#1164 = VECTOR ( 'NONE', #1149, 1000.000000000000000 ) ;
#1165 = DIRECTION ( 'NONE',  ( -1.000000000000000000, -0.000000000000000000, -0.000000000000000000 ) ) ;
#1166 = ORIENTED_EDGE ( 'NONE', *, *, #1407, .T. ) ;
#1167 = ORIENTED_EDGE ( 'NONE', *, *, #1770, .T. ) ;
#1168 = AXIS2_PLACEMENT_3D ( 'NONE', #1759, #1616, #1360 ) ;
#1169 = CARTESIAN_POINT ( 'NONE',  ( 15.63296588785049401, -4.315000000000000391, 1.649999999999999911 ) ) ;
#1170 = VERTEX_POINT ( 'NONE', #1540 ) ;
#1171 = DIRECTION ( 'NONE',  ( 0.000000000000000000, 0.000000000000000000, 1.000000000000000000 ) ) ;
#1172 = CARTESIAN_POINT ( 'NONE',  ( 28.53296588785049082, 0.000000000000000000, 0.000000000000000000 ) ) ;
#1173 = AXIS2_PLACEMENT_3D ( 'NONE', #1722, #841, #1475 ) ;
#1174 = VERTEX_POINT ( 'NONE', #1531 ) ;
#1175 = ADVANCED_FACE ( 'NONE', ( #466 ), #171, .T. ) ;
#1176 = AXIS2_PLACEMENT_3D ( 'NONE', #548, #1846, #1866 ) ;
#1177 = CALENDAR_DATE ( 2026, 7, 9 ) ;
#1178 = EDGE_CURVE ( 'NONE', #722, #89, #1181, .T. ) ;
#1179 = LINE ( 'NONE', #525, #620 ) ;
#1180 = CARTESIAN_POINT ( 'NONE',  ( -2.367034112149509983, 12.00000000000000178, 0.000000000000000000 ) ) ;
#1181 = LINE ( 'NONE', #293, #1710 ) ;
#1182 = ORIENTED_EDGE ( 'NONE', *, *, #317, .T. ) ;
#1183 = CIRCLE ( 'NONE', #1200, 4.299999999999999822 ) ;
#1184 = ADVANCED_FACE ( 'NONE', ( #1827 ), #1225, .F. ) ;
#1185 = ORIENTED_EDGE ( 'NONE', *, *, #996, .F. ) ;
#1186 = VECTOR ( 'NONE', #793, 1000.000000000000000 ) ;
#1187 = DIRECTION ( 'NONE',  ( 1.000000000000000000, -0.000000000000000000, -0.000000000000000000 ) ) ;
#1188 = ORIENTED_EDGE ( 'NONE', *, *, #739, .T. ) ;
#1189 = ORIENTED_EDGE ( 'NONE', *, *, #87, .T. ) ;
#1190 = AXIS2_PLACEMENT_3D ( 'NONE', #1318, #1747, #1145 ) ;
#1191 = CC_DESIGN_PERSON_AND_ORGANIZATION_ASSIGNMENT ( #683, #1685, ( #1147 ) ) ;
#1192 = VERTEX_POINT ( 'NONE', #226 ) ;
#1193 = EDGE_CURVE ( 'NONE', #1075, #714, #302, .T. ) ;
#1194 = DIRECTION ( 'NONE',  ( 0.000000000000000000, -0.8660254037844391517, 0.4999999999999992228 ) ) ;
#1195 = CARTESIAN_POINT ( 'NONE',  ( -5.367034112149509539, 12.00000000000000178, 0.000000000000000000 ) ) ;
#1196 = ORIENTED_EDGE ( 'NONE', *, *, #232, .T. ) ;
#1197 = EDGE_CURVE ( 'NONE', #820, #1098, #840, .T. ) ;
#1198 = CARTESIAN_POINT ( 'NONE',  ( -11.36703411214950954, 0.000000000000000000, 3.500000000000000000 ) ) ;
#1199 = FACE_OUTER_BOUND ( 'NONE', #284, .T. ) ;
#1200 = AXIS2_PLACEMENT_3D ( 'NONE', #1738, #304, #1014 ) ;
#1201 = DIRECTION ( 'NONE',  ( -1.000000000000000000, 0.000000000000000000, 0.000000000000000000 ) ) ;
#1202 = CYLINDRICAL_SURFACE ( 'NONE', #728, 17.00000000000000355 ) ;
#1203 = ORIENTED_EDGE ( 'NONE', *, *, #1264, .T. ) ;
#1204 = EDGE_CURVE ( 'NONE', #722, #1570, #1205, .T. ) ;
#1205 = CIRCLE ( 'NONE', #720, 1.024999999999999689 ) ;
#1206 = VERTEX_POINT ( 'NONE', #893 ) ;
#1207 = FACE_OUTER_BOUND ( 'NONE', #1481, .T. ) ;
#1208 = ORIENTED_EDGE ( 'NONE', *, *, #1419, .F. ) ;
#1209 = FACE_OUTER_BOUND ( 'NONE', #1151, .T. ) ;
#1210 = DIRECTION ( 'NONE',  ( -1.000000000000000000, 0.000000000000000000, 0.000000000000000000 ) ) ;
#1211 = CC_DESIGN_PERSON_AND_ORGANIZATION_ASSIGNMENT ( #980, #1216, ( #1712 ) ) ;
#1212 = VERTEX_POINT ( 'NONE', #354 ) ;
#1213 = ORIENTED_EDGE ( 'NONE', *, *, #8, .F. ) ;
#1214 = EDGE_CURVE ( 'NONE', #1604, #1255, #708, .T. ) ;
#1215 = ORIENTED_EDGE ( 'NONE', *, *, #711, .F. ) ;
#1216 = PERSON_AND_ORGANIZATION_ROLE ( 'design_owner' ) ;
#1217 = DIRECTION ( 'NONE',  ( 1.000000000000000000, 0.000000000000000000, 0.000000000000000000 ) ) ;
#1218 = CARTESIAN_POINT ( 'NONE',  ( -5.367034112149509539, -5.999999999999904965, 10.39230484541332089 ) ) ;
#1219 = VERTEX_POINT ( 'NONE', #318 ) ;
#1220 = COORDINATED_UNIVERSAL_TIME_OFFSET ( 2, 0, .AHEAD. ) ;
#1221 = ORIENTED_EDGE ( 'NONE', *, *, #1419, .T. ) ;
#1222 = CARTESIAN_POINT ( 'NONE',  ( -5.367034112149509539, -6.000000000000050626, -12.64230484541323563 ) ) ;
#1223 = EDGE_CURVE ( 'NONE', #1455, #1141, #644, .T. ) ;
#1224 = CIRCLE ( 'NONE', #1439, 3.500000000000000000 ) ;
#1225 = CYLINDRICAL_SURFACE ( 'NONE', #436, 2.799999999999999822 ) ;
#1226 = PERSON_AND_ORGANIZATION_ROLE ( 'creator' ) ;
#1227 = CARTESIAN_POINT ( 'NONE',  ( -8.367034112149511316, 3.429011037612588783E-16, -2.799999999999999822 ) ) ;
#1228 = ORIENTED_EDGE ( 'NONE', *, *, #1658, .F. ) ;
#1229 = FACE_BOUND ( 'NONE', #1795, .T. ) ;
#1230 = ORIENTED_EDGE ( 'NONE', *, *, #8, .T. ) ;
#1231 = EDGE_LOOP ( 'NONE', ( #483, #717, #867, #1159 ) ) ;
#1232 = APPLICATION_PROTOCOL_DEFINITION ( 'international standard', 'config_control_design', 1994, #220 ) ;
#1233 = AXIS2_PLACEMENT_3D ( 'NONE', #762, #947, #1878 ) ;
#1234 = DIRECTION ( 'NONE',  ( -1.000000000000000000, -0.000000000000000000, -0.000000000000000000 ) ) ;
#1235 = DESIGN_CONTEXT ( 'detailed design', #1837, 'design' ) ;
#1236 = AXIS2_PLACEMENT_3D ( 'NONE', #1413, #1283, #832 ) ;
#1237 = CARTESIAN_POINT ( 'NONE',  ( 24.63296588785049224, 11.47483660014381179, 6.624999999999999112 ) ) ;
#1238 = DIRECTION ( 'NONE',  ( 1.000000000000000000, 0.000000000000000000, 0.000000000000000000 ) ) ;
#1239 = DIRECTION ( 'NONE',  ( -1.000000000000000000, -0.000000000000000000, -0.000000000000000000 ) ) ;
#1240 = DIRECTION ( 'NONE',  ( 0.000000000000000000, 0.000000000000000000, 1.000000000000000000 ) ) ;
#1241 = EDGE_LOOP ( 'NONE', ( #1564, #227, #1037, #1003 ) ) ;
#1242 = CARTESIAN_POINT ( 'NONE',  ( -2.367034112149509983, 0.000000000000000000, 17.00000000000000355 ) ) ;
#1243 = AXIS2_PLACEMENT_3D ( 'NONE', #577, #456, #1031 ) ;
#1244 = ORIENTED_EDGE ( 'NONE', *, *, #1588, .F. ) ;
#1245 = LOCAL_TIME ( 17, 31, 18.00000000000000000, #144 ) ;
#1246 = VERTEX_POINT ( 'NONE', #1678 ) ;
#1247 = DIRECTION ( 'NONE',  ( 0.000000000000000000, 0.000000000000000000, -1.000000000000000000 ) ) ;
#1248 = ORIENTED_EDGE ( 'NONE', *, *, #1223, .T. ) ;
#1249 = ORIENTED_EDGE ( 'NONE', *, *, #992, .T. ) ;
#1250 = CYLINDRICAL_SURFACE ( 'NONE', #244, 5.000000000000000000 ) ;
#1251 = AXIS2_PLACEMENT_3D ( 'NONE', #1290, #848, #573 ) ;
#1252 = CIRCLE ( 'NONE', #235, 2.249999999999996891 ) ;
#1253 = DIRECTION ( 'NONE',  ( 0.000000000000000000, 0.000000000000000000, 1.000000000000000000 ) ) ;
#1254 = VERTEX_POINT ( 'NONE', #1270 ) ;
#1255 = VERTEX_POINT ( 'NONE', #547 ) ;
#1256 = LINE ( 'NONE', #1363, #1558 ) ;
#1257 = DIRECTION ( 'NONE',  ( 0.000000000000000000, 0.000000000000000000, 1.000000000000000000 ) ) ;
#1258 = EDGE_CURVE ( 'NONE', #587, #40, #822, .T. ) ;
#1259 = ORIENTED_EDGE ( 'NONE', *, *, #1103, .T. ) ;
#1260 = FACE_OUTER_BOUND ( 'NONE', #1654, .T. ) ;
#1261 = ORIENTED_EDGE ( 'NONE', *, *, #1214, .T. ) ;
#1262 = DIRECTION ( 'NONE',  ( 0.000000000000000000, 0.000000000000000000, -1.000000000000000000 ) ) ;
#1263 = ORIENTED_EDGE ( 'NONE', *, *, #634, .F. ) ;
#1264 = EDGE_CURVE ( 'NONE', #834, #1192, #444, .T. ) ;
#1265 = DIRECTION ( 'NONE',  ( -1.000000000000000000, -0.000000000000000000, -0.000000000000000000 ) ) ;
#1266 = ORIENTED_EDGE ( 'NONE', *, *, #127, .F. ) ;
#1267 = CC_DESIGN_PERSON_AND_ORGANIZATION_ASSIGNMENT ( #1686, #1536, ( #1821 ) ) ;
#1268 = DIRECTION ( 'NONE',  ( 0.000000000000000000, 0.000000000000000000, -1.000000000000000000 ) ) ;
#1269 = AXIS2_PLACEMENT_3D ( 'NONE', #1385, #1543, #228 ) ;
#1270 = CARTESIAN_POINT ( 'NONE',  ( 29.63296588785049224, 11.47483660014381179, 7.649999999999998579 ) ) ;
#1271 = EDGE_CURVE ( 'NONE', #511, #1625, #1508, .T. ) ;
#1272 = DIRECTION ( 'NONE',  ( 0.000000000000000000, 0.000000000000000000, 1.000000000000000000 ) ) ;
#1273 = PERSON ( 'UNSPECIFIED', 'UNSPECIFIED', 'UNSPECIFIED', ('UNSPECIFIED'), ('UNSPECIFIED'), ('UNSPECIFIED') ) ;
#1274 = VERTEX_POINT ( 'NONE', #1659 ) ;
#1275 = ORIENTED_EDGE ( 'NONE', *, *, #1464, .T. ) ;
#1276 = CYLINDRICAL_SURFACE ( 'NONE', #985, 2.249999999999996891 ) ;
#1277 = ORIENTED_EDGE ( 'NONE', *, *, #1867, .T. ) ;
#1278 = FACE_BOUND ( 'NONE', #1334, .T. ) ;
#1279 = ORIENTED_EDGE ( 'NONE', *, *, #836, .F. ) ;
#1280 = CARTESIAN_POINT ( 'NONE',  ( 15.63296588785049046, 0.000000000000000000, 4.299999999999999822 ) ) ;
#1281 = AXIS2_PLACEMENT_3D ( 'NONE', #510, #221, #648 ) ;
#1282 = FACE_OUTER_BOUND ( 'NONE', #1762, .T. ) ;
#1283 = DIRECTION ( 'NONE',  ( -1.000000000000000000, -0.000000000000000000, -0.000000000000000000 ) ) ;
#1284 = EDGE_LOOP ( 'NONE', ( #155, #929 ) ) ;
#1285 = VERTEX_POINT ( 'NONE', #303 ) ;
#1286 = CIRCLE ( 'NONE', #157, 17.00000000000000355 ) ;
#1287 = EDGE_CURVE ( 'NONE', #1192, #1691, #1807, .T. ) ;
#1288 = VERTEX_POINT ( 'NONE', #855 ) ;
#1289 = ORIENTED_EDGE ( 'NONE', *, *, #164, .F. ) ;
#1290 = CARTESIAN_POINT ( 'NONE',  ( -5.367034112149509539, 0.000000000000000000, 0.000000000000000000 ) ) ;
#1291 = DIRECTION ( 'NONE',  ( -1.000000000000000000, -0.000000000000000000, -0.000000000000000000 ) ) ;
#1292 = DIRECTION ( 'NONE',  ( 0.000000000000000000, 0.000000000000000000, -1.000000000000000000 ) ) ;
#1293 = ORIENTED_EDGE ( 'NONE', *, *, #622, .F. ) ;
#1294 = CARTESIAN_POINT ( 'NONE',  ( -5.367034112149509539, 0.000000000000000000, 3.299999999999999822 ) ) ;
#1295 = DIRECTION ( 'NONE',  ( 0.000000000000000000, -0.8660254037844391517, 0.4999999999999992228 ) ) ;
#1296 = APPROVAL ( #814, 'UNSPECIFIED' ) ;
#1297 = ADVANCED_FACE ( 'NONE', ( #1026 ), #1574, .F. ) ;
#1298 = CARTESIAN_POINT ( 'NONE',  ( -11.36703411214950954, 0.000000000000000000, 0.000000000000000000 ) ) ;
#1299 = ADVANCED_FACE ( 'NONE', ( #800 ), #748, .F. ) ;
#1300 = CARTESIAN_POINT ( 'NONE',  ( 23.63296588785049224, 6.684734553145827039E-16, -5.458499999999999908 ) ) ;
#1301 = VERTEX_POINT ( 'NONE', #81 ) ;
#1302 = DATE_AND_TIME ( #1438, #348 ) ;
#1303 = FACE_BOUND ( 'NONE', #1312, .T. ) ;
#1304 = DIRECTION ( 'NONE',  ( 1.000000000000000000, 0.000000000000000000, 0.000000000000000000 ) ) ;
#1305 = FACE_OUTER_BOUND ( 'NONE', #1779, .T. ) ;
#1306 = EDGE_CURVE ( 'NONE', #1715, #1468, #1870, .T. ) ;
#1307 = ADVANCED_FACE ( 'NONE', ( #259 ), #554, .F. ) ;
#1308 = ORIENTED_EDGE ( 'NONE', *, *, #164, .T. ) ;
#1309 = CYLINDRICAL_SURFACE ( 'NONE', #388, 1.024999999999999689 ) ;
#1310 = AXIS2_PLACEMENT_3D ( 'NONE', #629, #1369, #205 ) ;
#1311 = ADVANCED_FACE ( 'NONE', ( #352, #1278 ), #546, .T. ) ;
#1312 = EDGE_LOOP ( 'NONE', ( #250, #518 ) ) ;
#1313 = ORIENTED_EDGE ( 'NONE', *, *, #462, .F. ) ;
#1314 = VERTEX_POINT ( 'NONE', #362 ) ;
#1315 = CARTESIAN_POINT ( 'NONE',  ( 3.632965887850489572, 0.000000000000000000, 0.000000000000000000 ) ) ;
#1316 = EDGE_LOOP ( 'NONE', ( #334, #1775 ) ) ;
#1317 = EDGE_CURVE ( 'NONE', #667, #820, #513, .T. ) ;
#1318 = CARTESIAN_POINT ( 'NONE',  ( 31.13296588785049224, 0.000000000000000000, 0.000000000000000000 ) ) ;
#1319 = ORIENTED_EDGE ( 'NONE', *, *, #1525, .T. ) ;
#1320 = CARTESIAN_POINT ( 'NONE',  ( 15.63296588785049046, 5.529280298150299197E-16, -4.514999999999999680 ) ) ;
#1321 = APPROVAL ( #645, 'UNSPECIFIED' ) ;
#1322 = ADVANCED_FACE ( 'NONE', ( #1532 ), #664, .T. ) ;
#1323 = DIRECTION ( 'NONE',  ( 0.000000000000000000, 0.000000000000000000, 1.000000000000000000 ) ) ;
#1324 = EDGE_CURVE ( 'NONE', #1141, #1254, #598, .T. ) ;
#1325 = EDGE_LOOP ( 'NONE', ( #1724, #504 ) ) ;
#1326 = DIRECTION ( 'NONE',  ( 0.000000000000000000, 0.000000000000000000, 1.000000000000000000 ) ) ;
#1327 = DIRECTION ( 'NONE',  ( -0.000000000000000000, -0.000000000000000000, 1.000000000000000000 ) ) ;
#1328 = FACE_OUTER_BOUND ( 'NONE', #469, .T. ) ;
#1329 = EDGE_LOOP ( 'NONE', ( #934, #1319 ) ) ;
#1330 = CARTESIAN_POINT ( 'NONE',  ( -11.36703411214950954, 0.000000000000000000, 0.000000000000000000 ) ) ;
#1331 = CIRCLE ( 'NONE', #846, 1.025000000000000577 ) ;
#1332 = FACE_BOUND ( 'NONE', #93, .T. ) ;
#1333 = EDGE_CURVE ( 'NONE', #770, #522, #1619, .T. ) ;
#1334 = EDGE_LOOP ( 'NONE', ( #896, #190 ) ) ;
#1335 = FACE_BOUND ( 'NONE', #594, .T. ) ;
#1336 = CARTESIAN_POINT ( 'NONE',  ( 28.53296588785049082, 0.000000000000000000, 0.000000000000000000 ) ) ;
#1337 = ORIENTED_EDGE ( 'NONE', *, *, #979, .F. ) ;
#1338 = DIRECTION ( 'NONE',  ( 1.000000000000000000, 0.000000000000000000, 0.000000000000000000 ) ) ;
#1339 = ORIENTED_EDGE ( 'NONE', *, *, #1854, .T. ) ;
#1340 = DIRECTION ( 'NONE',  ( 0.000000000000000000, 0.000000000000000000, -1.000000000000000000 ) ) ;
#1341 = EDGE_CURVE ( 'NONE', #1076, #1468, #1443, .T. ) ;
#1342 = VERTEX_POINT ( 'NONE', #1081 ) ;
#1343 = VERTEX_POINT ( 'NONE', #1613 ) ;
#1344 = CARTESIAN_POINT ( 'NONE',  ( -8.367034112149511316, 0.000000000000000000, 0.000000000000000000 ) ) ;
#1345 = AXIS2_PLACEMENT_3D ( 'NONE', #1126, #673, #692 ) ;
#1346 = CARTESIAN_POINT ( 'NONE',  ( -8.367034112149511316, 0.000000000000000000, 0.000000000000000000 ) ) ;
#1347 = AXIS2_PLACEMENT_3D ( 'NONE', #425, #1859, #978 ) ;
#1348 = CARTESIAN_POINT ( 'NONE',  ( 24.63296588785049224, 8.572527594031473190E-16, -7.000000000000000000 ) ) ;
#1349 = EDGE_CURVE ( 'NONE', #1556, #718, #1331, .T. ) ;
#1350 = DIRECTION ( 'NONE',  ( 1.000000000000000000, -0.000000000000000000, -0.000000000000000000 ) ) ;
#1351 = PERSON_AND_ORGANIZATION ( #1273, #1801 ) ;
#1352 = DIRECTION ( 'NONE',  ( 1.000000000000000000, 0.000000000000000000, 0.000000000000000000 ) ) ;
#1353 = EDGE_LOOP ( 'NONE', ( #905, #162, #401, #1544 ) ) ;
#1354 = VECTOR ( 'NONE', #1265, 1000.000000000000000 ) ;
#1355 = VECTOR ( 'NONE', #339, 1000.000000000000000 ) ;
#1356 = EDGE_LOOP ( 'NONE', ( #285, #974, #1101, #1606 ) ) ;
#1357 = FACE_OUTER_BOUND ( 'NONE', #1353, .T. ) ;
#1358 = AXIS2_PLACEMENT_3D ( 'NONE', #276, #1586, #1131 ) ;
#1359 = CARTESIAN_POINT ( 'NONE',  ( 24.63296588785049224, 11.47483660014381179, 6.624999999999999112 ) ) ;
#1360 = DIRECTION ( 'NONE',  ( 0.000000000000000000, 0.000000000000000000, -1.000000000000000000 ) ) ;
#1361 = LINE ( 'NONE', #1169, #1812 ) ;
#1362 = EDGE_CURVE ( 'NONE', #758, #1219, #937, .T. ) ;
#1363 = CARTESIAN_POINT ( 'NONE',  ( 31.13296588785049224, 0.000000000000000000, 7.049999999999999822 ) ) ;
#1364 = DIRECTION ( 'NONE',  ( 0.000000000000000000, 0.000000000000000000, 1.000000000000000000 ) ) ;
#1365 = DIRECTION ( 'NONE',  ( 1.000000000000000000, 0.000000000000000000, 0.000000000000000000 ) ) ;
#1366 = ORIENTED_EDGE ( 'NONE', *, *, #265, .F. ) ;
#1367 = DIRECTION ( 'NONE',  ( -1.000000000000000000, -0.000000000000000000, -0.000000000000000000 ) ) ;
#1368 = DIRECTION ( 'NONE',  ( -1.000000000000000000, 0.000000000000000000, 0.000000000000000000 ) ) ;
#1369 = DIRECTION ( 'NONE',  ( -0.000000000000000000, 1.000000000000000000, 0.000000000000000000 ) ) ;
#1370 = EDGE_CURVE ( 'NONE', #543, #1604, #277, .T. ) ;
#1371 = ORIENTED_EDGE ( 'NONE', *, *, #222, .F. ) ;
#1372 = DESIGN_CONTEXT ( 'detailed design', #944, 'design' ) ;
#1373 = CARTESIAN_POINT ( 'NONE',  ( 24.63296588785049224, -10.58716056126476524, 7.137499999999996625 ) ) ;
#1374 = CYLINDRICAL_SURFACE ( 'NONE', #443, 2.249999999999996891 ) ;
#1375 = CYLINDRICAL_SURFACE ( 'NONE', #295, 4.299999999999999822 ) ;
#1376 = CIRCLE ( 'NONE', #1572, 6.000000000000000888 ) ;
#1377 = DIRECTION ( 'NONE',  ( 0.000000000000000000, 0.000000000000000000, 1.000000000000000000 ) ) ;
#1378 = ORIENTED_EDGE ( 'NONE', *, *, #1034, .F. ) ;
#1379 = ORIENTED_EDGE ( 'NONE', *, *, #775, .T. ) ;
#1380 = APPROVAL_ROLE ( '' ) ;
#1381 = ORIENTED_EDGE ( 'NONE', *, *, #1430, .T. ) ;
#1382 = ORIENTED_EDGE ( 'NONE', *, *, #836, .T. ) ;
#1383 = CARTESIAN_POINT ( 'NONE',  ( -2.367034112149507319, -5.999999999999904965, 10.39230484541332089 ) ) ;
#1384 = AXIS2_PLACEMENT_3D ( 'NONE', #1172, #1187, #324 ) ;
#1385 = CARTESIAN_POINT ( 'NONE',  ( -11.36703411214950954, 0.000000000000000000, 0.000000000000000000 ) ) ;
#1386 = EDGE_CURVE ( 'NONE', #349, #758, #983, .T. ) ;
#1387 = ORIENTED_EDGE ( 'NONE', *, *, #132, .T. ) ;
#1388 = APPROVAL_STATUS ( 'not_yet_approved' ) ;
#1389 = DIRECTION ( 'NONE',  ( -1.000000000000000000, -0.000000000000000000, -0.000000000000000000 ) ) ;
#1390 = DIRECTION ( 'NONE',  ( -1.000000000000000000, -0.000000000000000000, -0.000000000000000000 ) ) ;
#1391 = ORIENTED_EDGE ( 'NONE', *, *, #1271, .F. ) ;
#1392 = CALENDAR_DATE ( 2026, 7, 9 ) ;
#1393 = CARTESIAN_POINT ( 'NONE',  ( -11.36703411214950954, 0.000000000000000000, 0.000000000000000000 ) ) ;
#1394 = AXIS2_PLACEMENT_3D ( 'NONE', #300, #895, #1323 ) ;
#1395 = PERSON_AND_ORGANIZATION ( #1273, #1801 ) ;
#1396 = FACE_OUTER_BOUND ( 'NONE', #1231, .T. ) ;
#1397 = ORIENTED_EDGE ( 'NONE', *, *, #628, .T. ) ;
#1398 = DIRECTION ( 'NONE',  ( 0.000000000000000000, 0.000000000000000000, 1.000000000000000000 ) ) ;
#1399 = DIRECTION ( 'NONE',  ( 1.000000000000000000, 0.000000000000000000, 0.000000000000000000 ) ) ;
#1400 = CIRCLE ( 'NONE', #976, 7.049999999999999822 ) ;
#1401 = VERTEX_POINT ( 'NONE', #1 ) ;
#1402 = FACE_OUTER_BOUND ( 'NONE', #613, .T. ) ;
#1403 = DIRECTION ( 'NONE',  ( 0.000000000000000000, 0.000000000000000000, -1.000000000000000000 ) ) ;
#1404 = ORIENTED_EDGE ( 'NONE', *, *, #1066, .F. ) ;
#1405 = FACE_OUTER_BOUND ( 'NONE', #637, .T. ) ;
#1406 = DIRECTION ( 'NONE',  ( 0.000000000000000000, 0.000000000000000000, 1.000000000000000000 ) ) ;
#1407 = EDGE_CURVE ( 'NONE', #1768, #1709, #1463, .T. ) ;
#1408 = CARTESIAN_POINT ( 'NONE',  ( -11.36703411214950954, 0.000000000000000000, 0.000000000000000000 ) ) ;
#1409 = AXIS2_PLACEMENT_3D ( 'NONE', #1800, #936, #1645 ) ;
#1410 = ORIENTED_EDGE ( 'NONE', *, *, #476, .F. ) ;
#1411 = EDGE_CURVE ( 'NONE', #474, #987, #1157, .T. ) ;
#1412 = DIRECTION ( 'NONE',  ( -1.000000000000000000, 0.000000000000000000, 0.000000000000000000 ) ) ;
#1413 = CARTESIAN_POINT ( 'NONE',  ( -2.367034112149507319, -5.999999999999904965, 10.39230484541332089 ) ) ;
#1414 = AXIS2_PLACEMENT_3D ( 'NONE', #1435, #1662, #790 ) ;
#1415 = DIRECTION ( 'NONE',  ( 0.000000000000000000, 0.000000000000000000, 1.000000000000000000 ) ) ;
#1416 = LOCAL_TIME ( 17, 31, 18.00000000000000000, #1642 ) ;
#1417 = CARTESIAN_POINT ( 'NONE',  ( 29.63296588785049224, 9.797174393178825657E-16, 8.000000000000000000 ) ) ;
#1418 = FACE_OUTER_BOUND ( 'NONE', #440, .T. ) ;
#1419 = EDGE_CURVE ( 'NONE', #543, #671, #1851, .T. ) ;
#1420 = CARTESIAN_POINT ( 'NONE',  ( -11.36703411214950954, 0.000000000000000000, 3.950000000000000178 ) ) ;
#1421 = LINE ( 'NONE', #946, #691 ) ;
#1422 = CARTESIAN_POINT ( 'NONE',  ( 15.63296588785049046, 0.000000000000000000, 0.000000000000000000 ) ) ;
#1423 = CIRCLE ( 'NONE', #1480, 10.09999999999999964 ) ;
#1424 = CARTESIAN_POINT ( 'NONE',  ( 28.53296588785049082, 0.000000000000000000, -10.09999999999999964 ) ) ;
#1425 = VERTEX_POINT ( 'NONE', #989 ) ;
#1426 = FACE_OUTER_BOUND ( 'NONE', #241, .T. ) ;
#1427 = DIRECTION ( 'NONE',  ( 0.000000000000000000, 0.000000000000000000, -1.000000000000000000 ) ) ;
#1428 = ORIENTED_EDGE ( 'NONE', *, *, #1362, .F. ) ;
#1429 = VERTEX_POINT ( 'NONE', #590 ) ;
#1430 = EDGE_CURVE ( 'NONE', #1425, #1288, #1554, .T. ) ;
#1431 = CARTESIAN_POINT ( 'NONE',  ( 29.63296588785049224, 6.684734553145827039E-16, -5.458499999999999908 ) ) ;
#1432 = ORIENTED_EDGE ( 'NONE', *, *, #1594, .T. ) ;
#1433 = EDGE_CURVE ( 'NONE', #1098, #741, #60, .T. ) ;
#1434 = DIRECTION ( 'NONE',  ( 0.000000000000000000, 0.000000000000000000, 1.000000000000000000 ) ) ;
#1435 = CARTESIAN_POINT ( 'NONE',  ( 29.63296588785049224, 11.47483660014381179, 6.624999999999999112 ) ) ;
#1436 = CARTESIAN_POINT ( 'NONE',  ( 29.63296588785049224, 0.000000000000000000, 0.000000000000000000 ) ) ;
#1437 = CARTESIAN_POINT ( 'NONE',  ( -5.367034112149509539, 0.000000000000000000, 2.799999999999999822 ) ) ;
#1438 = CALENDAR_DATE ( 2026, 7, 9 ) ;
#1439 = AXIS2_PLACEMENT_3D ( 'NONE', #570, #703, #1434 ) ;
#1440 = ADVANCED_FACE ( 'NONE', ( #1112, #1757 ), #230, .T. ) ;
#1441 = PLANE ( 'NONE',  #1489 ) ;
#1442 = ORIENTED_EDGE ( 'NONE', *, *, #972, .F. ) ;
#1443 = CIRCLE ( 'NONE', #178, 5.000000000000000000 ) ;
#1444 = CARTESIAN_POINT ( 'NONE',  ( -5.367034112149509539, 4.041334437186265510E-16, -3.299999999999999822 ) ) ;
#1445 = AXIS2_PLACEMENT_3D ( 'NONE', #396, #1707, #262 ) ;
#1446 = CIRCLE ( 'NONE', #1467, 8.000000000000000000 ) ;
#1447 = CARTESIAN_POINT ( 'NONE',  ( 29.63296588785049224, -10.58716056126476524, 7.137499999999996625 ) ) ;
#1448 = ORIENTED_EDGE ( 'NONE', *, *, #446, .T. ) ;
#1449 = VECTOR ( 'NONE', #405, 1000.000000000000000 ) ;
#1450 = CIRCLE ( 'NONE', #1022, 1.024999999999999911 ) ;
#1451 = ADVANCED_FACE ( 'NONE', ( #13 ), #933, .T. ) ;
#1452 = PLANE ( 'NONE',  #567 ) ;
#1453 = AXIS2_PLACEMENT_3D ( 'NONE', #1121, #973, #1247 ) ;
#1454 = DIRECTION ( 'NONE',  ( 0.000000000000000000, 0.000000000000000000, 1.000000000000000000 ) ) ;
#1455 = VERTEX_POINT ( 'NONE', #551 ) ;
#1456 = AXIS2_PLACEMENT_3D ( 'NONE', #882, #787, #206 ) ;
#1457 = DIRECTION ( 'NONE',  ( 0.000000000000000000, 0.000000000000000000, -1.000000000000000000 ) ) ;
#1458 = ADVANCED_FACE ( 'NONE', ( #1418 ), #838, .F. ) ;
#1459 = LOCAL_TIME ( 17, 31, 18.00000000000000000, #1154 ) ;
#1460 = ADVANCED_FACE ( 'NONE', ( #1071, #1506 ), #1566, .T. ) ;
#1461 = CYLINDRICAL_SURFACE ( 'NONE', #1730, 4.514999999999999680 ) ;
#1462 = CARTESIAN_POINT ( 'NONE',  ( -2.367034112149509983, 2.081899558550500674E-15, -17.00000000000000355 ) ) ;
#1463 = CIRCLE ( 'NONE', #154, 8.000000000000000000 ) ;
#1464 = EDGE_CURVE ( 'NONE', #783, #428, #464, .T. ) ;
#1465 = DIRECTION ( 'NONE',  ( -1.000000000000000000, -0.000000000000000000, -0.000000000000000000 ) ) ;
#1466 = CYLINDRICAL_SURFACE ( 'NONE', #272, 8.000000000000000000 ) ;
#1467 = AXIS2_PLACEMENT_3D ( 'NONE', #1583, #709, #291 ) ;
#1468 = VERTEX_POINT ( 'NONE', #981 ) ;
#1469 = ORIENTED_EDGE ( 'NONE', *, *, #1693, .F. ) ;
#1470 = FACE_OUTER_BOUND ( 'NONE', #866, .T. ) ;
#1471 = EDGE_CURVE ( 'NONE', #501, #606, #1179, .T. ) ;
#1472 = EDGE_LOOP ( 'NONE', ( #539, #657, #781, #1275 ) ) ;
#1473 = ADVANCED_FACE ( 'NONE', ( #10 ), #1004, .T. ) ;
#1474 = DIRECTION ( 'NONE',  ( -1.000000000000000000, -0.000000000000000000, -0.000000000000000000 ) ) ;
#1475 = DIRECTION ( 'NONE',  ( 0.000000000000000000, 0.000000000000000000, 1.000000000000000000 ) ) ;
#1476 = EDGE_LOOP ( 'NONE', ( #1371, #1167, #397, #753 ) ) ;
#1477 = CARTESIAN_POINT ( 'NONE',  ( 31.13296588785049224, 0.000000000000000000, 0.000000000000000000 ) ) ;
#1478 = AXIS2_PLACEMENT_3D ( 'NONE', #1104, #1108, #1696 ) ;
#1479 = CARTESIAN_POINT ( 'NONE',  ( 24.63296588785049224, -11.47483660014381535, 6.624999999999995559 ) ) ;
#1480 = AXIS2_PLACEMENT_3D ( 'NONE', #1600, #863, #287 ) ;
#1481 = EDGE_LOOP ( 'NONE', ( #788, #168, #918, #1016 ) ) ;
#1482 = ADVANCED_FACE ( 'NONE', ( #574 ), #1068, .F. ) ;
#1483 = EDGE_CURVE ( 'NONE', #820, #667, #553, .T. ) ;
#1484 = APPROVAL_PERSON_ORGANIZATION ( #1351, #1296, #1813 ) ;
#1485 = VECTOR ( 'NONE', #345, 1000.000000000000000 ) ;
#1486 = DIRECTION ( 'NONE',  ( 0.000000000000000000, 0.000000000000000000, 1.000000000000000000 ) ) ;
#1487 = CIRCLE ( 'NONE', #201, 16.50000000000000000 ) ;
#1488 = PRODUCT_DEFINITION_SHAPE ( 'NONE', 'NONE',  #706 ) ;
#1489 = AXIS2_PLACEMENT_3D ( 'NONE', #274, #1591, #1584 ) ;
#1490 = ORIENTED_EDGE ( 'NONE', *, *, #1370, .T. ) ;
#1491 = CIRCLE ( 'NONE', #310, 5.000000000000000000 ) ;
#1492 = DIRECTION ( 'NONE',  ( 0.000000000000000000, 0.000000000000000000, 1.000000000000000000 ) ) ;
#1493 = ORIENTED_EDGE ( 'NONE', *, *, #1127, .F. ) ;
#1494 = EDGE_LOOP ( 'NONE', ( #701, #412, #1817, #733 ) ) ;
#1495 = DIRECTION ( 'NONE',  ( 1.000000000000000000, 0.000000000000000000, 0.000000000000000000 ) ) ;
#1496 = DIRECTION ( 'NONE',  ( 1.000000000000000000, 0.000000000000000000, 0.000000000000000000 ) ) ;
#1497 = DIRECTION ( 'NONE',  ( 0.000000000000000000, 0.000000000000000000, 1.000000000000000000 ) ) ;
#1498 = CARTESIAN_POINT ( 'NONE',  ( 2.632965887850490461, 4.286263797015736595E-16, -3.500000000000000000 ) ) ;
#1499 = EDGE_CURVE ( 'NONE', #801, #1246, #1737, .T. ) ;
#1500 = DIRECTION ( 'NONE',  ( 0.000000000000000000, 0.000000000000000000, -1.000000000000000000 ) ) ;
#1501 = ORIENTED_EDGE ( 'NONE', *, *, #1720, .T. ) ;
#1502 = AXIS2_PLACEMENT_3D ( 'NONE', #1018, #451, #1326 ) ;
#1503 = DIRECTION ( 'NONE',  ( 0.000000000000000000, 0.000000000000000000, 1.000000000000000000 ) ) ;
#1504 = EDGE_CURVE ( 'NONE', #1174, #431, #1553, .T. ) ;
#1505 = PERSON_AND_ORGANIZATION ( #1273, #1801 ) ;
#1506 = FACE_OUTER_BOUND ( 'NONE', #1743, .T. ) ;
#1507 = ORIENTED_EDGE ( 'NONE', *, *, #1563, .F. ) ;
#1508 = CIRCLE ( 'NONE', #1502, 3.500000000000000000 ) ;
#1509 = PLANE ( 'NONE',  #1745 ) ;
#1510 = VERTEX_POINT ( 'NONE', #1843 ) ;
#1511 = LINE ( 'NONE', #1198, #239 ) ;
#1512 = AXIS2_PLACEMENT_3D ( 'NONE', #174, #1765, #888 ) ;
#1513 = VERTEX_POINT ( 'NONE', #1417 ) ;
#1514 = FACE_BOUND ( 'NONE', #1329, .T. ) ;
#1515 = EDGE_CURVE ( 'NONE', #216, #562, #1110, .T. ) ;
#1516 = ORIENTED_EDGE ( 'NONE', *, *, #170, .T. ) ;
#1517 = SECURITY_CLASSIFICATION_LEVEL ( 'unclassified' ) ;
#1518 = EDGE_LOOP ( 'NONE', ( #1114, #1721 ) ) ;
#1519 = CARTESIAN_POINT ( 'NONE',  ( 28.53296588785049082, 1.236893267138826614E-15, 10.09999999999999964 ) ) ;
#1520 = ORIENTED_EDGE ( 'NONE', *, *, #816, .F. ) ;
#1521 = ORIENTED_EDGE ( 'NONE', *, *, #1788, .F. ) ;
#1522 = DIRECTION ( 'NONE',  ( 0.000000000000000000, 0.000000000000000000, -1.000000000000000000 ) ) ;
#1523 = DIRECTION ( 'NONE',  ( 0.000000000000000000, 0.000000000000000000, 1.000000000000000000 ) ) ;
#1524 = CARTESIAN_POINT ( 'NONE',  ( 29.63296588785049224, 8.633759933988839975E-16, -7.049999999999999822 ) ) ;
#1525 = EDGE_CURVE ( 'NONE', #1342, #431, #441, .T. ) ;
#1526 = DIRECTION ( 'NONE',  ( -1.000000000000000000, -0.000000000000000000, -0.000000000000000000 ) ) ;
#1527 = APPROVAL_STATUS ( 'not_yet_approved' ) ;
#1528 = APPROVAL_PERSON_ORGANIZATION ( #1395, #80, #949 ) ;
#1529 = EDGE_LOOP ( 'NONE', ( #486, #874 ) ) ;
#1530 = EDGE_CURVE ( 'NONE', #522, #1301, #58, .T. ) ;
#1531 = CARTESIAN_POINT ( 'NONE',  ( 24.63296588785049224, 0.000000000000000000, 7.000000000000000000 ) ) ;
#1532 = FACE_OUTER_BOUND ( 'NONE', #1051, .T. ) ;
#1533 = LINE ( 'NONE', #120, #1576 ) ;
#1534 = DIRECTION ( 'NONE',  ( 0.000000000000000000, 0.000000000000000000, -1.000000000000000000 ) ) ;
#1535 = ORIENTED_EDGE ( 'NONE', *, *, #222, .T. ) ;
#1536 = PERSON_AND_ORGANIZATION_ROLE ( 'classification_officer' ) ;
#1537 = AXIS2_PLACEMENT_3D ( 'NONE', #100, #118, #540 ) ;
#1538 = ORIENTED_EDGE ( 'NONE', *, *, #199, .T. ) ;
#1539 = ORIENTED_EDGE ( 'NONE', *, *, #1794, .F. ) ;
#1540 = CARTESIAN_POINT ( 'NONE',  ( 24.63296588785049224, 11.47483660014381179, 7.649999999999998579 ) ) ;
#1541 = CARTESIAN_POINT ( 'NONE',  ( -2.367034112149509983, 0.000000000000000000, 0.000000000000000000 ) ) ;
#1542 = CARTESIAN_POINT ( 'NONE',  ( -2.367034112149509983, 0.000000000000000000, 0.000000000000000000 ) ) ;
#1543 = DIRECTION ( 'NONE',  ( -1.000000000000000000, -0.000000000000000000, -0.000000000000000000 ) ) ;
#1544 = ORIENTED_EDGE ( 'NONE', *, *, #1770, .F. ) ;
#1545 = AXIS2_PLACEMENT_3D ( 'NONE', #997, #134, #1295 ) ;
#1546 = CARTESIAN_POINT ( 'NONE',  ( -11.36703411214950954, 0.000000000000000000, 0.000000000000000000 ) ) ;
#1547 = ORIENTED_EDGE ( 'NONE', *, *, #1370, .F. ) ;
#1548 = DIRECTION ( 'NONE',  ( -1.000000000000000000, -0.000000000000000000, -0.000000000000000000 ) ) ;
#1549 = AXIS2_PLACEMENT_3D ( 'NONE', #859, #1864, #419 ) ;
#1550 = DATE_AND_TIME ( #640, #231 ) ;
#1551 = DIRECTION ( 'NONE',  ( 0.000000000000000000, -0.8660254037844391517, 0.4999999999999992228 ) ) ;
#1552 = CARTESIAN_POINT ( 'NONE',  ( 29.63296588785049224, 0.000000000000000000, 7.049999999999999822 ) ) ;
#1553 = LINE ( 'NONE', #408, #1156 ) ;
#1554 = LINE ( 'NONE', #542, #395 ) ;
#1555 = CARTESIAN_POINT ( 'NONE',  ( -5.367034112149509539, 0.000000000000000000, 0.000000000000000000 ) ) ;
#1556 = VERTEX_POINT ( 'NONE', #829 ) ;
#1557 = ORIENTED_EDGE ( 'NONE', *, *, #711, .T. ) ;
#1558 = VECTOR ( 'NONE', #494, 1000.000000000000000 ) ;
#1559 = CARTESIAN_POINT ( 'NONE',  ( -5.367034112149509539, -5.999999999999904965, 8.142304845413324443 ) ) ;
#1560 = ORIENTED_EDGE ( 'NONE', *, *, #1504, .T. ) ;
#1561 = LINE ( 'NONE', #133, #1164 ) ;
#1562 = ORIENTED_EDGE ( 'NONE', *, *, #185, .F. ) ;
#1563 = EDGE_CURVE ( 'NONE', #1045, #1212, #1224, .T. ) ;
#1564 = ORIENTED_EDGE ( 'NONE', *, *, #1483, .F. ) ;
#1565 = EDGE_CURVE ( 'NONE', #428, #783, #982, .T. ) ;
#1566 = PLANE ( 'NONE',  #565 ) ;
#1567 = DIRECTION ( 'NONE',  ( 1.000000000000000000, 0.000000000000000000, 0.000000000000000000 ) ) ;
#1568 = AXIS2_PLACEMENT_3D ( 'NONE', #1330, #1624, #268 ) ;
#1569 = DIRECTION ( 'NONE',  ( -1.000000000000000000, -0.000000000000000000, -0.000000000000000000 ) ) ;
#1570 = VERTEX_POINT ( 'NONE', #1728 ) ;
#1571 = LINE ( 'NONE', #1798, #509 ) ;
#1572 = AXIS2_PLACEMENT_3D ( 'NONE', #38, #1038, #1340 ) ;
#1573 = ORIENTED_EDGE ( 'NONE', *, *, #1223, .F. ) ;
#1574 = CYLINDRICAL_SURFACE ( 'NONE', #1243, 3.299999999999999822 ) ;
#1575 = CARTESIAN_POINT ( 'NONE',  ( -11.36703411214950954, 0.000000000000000000, 2.799999999999999822 ) ) ;
#1576 = VECTOR ( 'NONE', #1122, 1000.000000000000000 ) ;
#1577 = CARTESIAN_POINT ( 'NONE',  ( -11.36703411214950954, 5.265981236333618470E-16, -4.299999999999999822 ) ) ;
#1578 = ORIENTED_EDGE ( 'NONE', *, *, #816, .T. ) ;
#1579 = VECTOR ( 'NONE', #555, 1000.000000000000000 ) ;
#1580 = DIRECTION ( 'NONE',  ( 0.000000000000000000, 0.000000000000000000, 1.000000000000000000 ) ) ;
#1581 = CARTESIAN_POINT ( 'NONE',  ( -5.367034112149509539, 0.000000000000000000, 0.000000000000000000 ) ) ;
#1582 = ORIENTED_EDGE ( 'NONE', *, *, #524, .T. ) ;
#1583 = CARTESIAN_POINT ( 'NONE',  ( 29.63296588785049224, 0.000000000000000000, 0.000000000000000000 ) ) ;
#1584 = DIRECTION ( 'NONE',  ( 0.000000000000000000, 0.000000000000000000, 1.000000000000000000 ) ) ;
#1585 = AXIS2_PLACEMENT_3D ( 'NONE', #347, #66, #356 ) ;
#1586 = DIRECTION ( 'NONE',  ( -1.000000000000000000, -0.000000000000000000, -0.000000000000000000 ) ) ;
#1587 = CARTESIAN_POINT ( 'NONE',  ( -5.367034112149509539, 3.429011037612588783E-16, -2.799999999999999822 ) ) ;
#1588 = EDGE_CURVE ( 'NONE', #1625, #511, #730, .T. ) ;
#1589 = VERTEX_POINT ( 'NONE', #1444 ) ;
#1590 = ADVANCED_FACE ( 'NONE', ( #687 ), #1461, .F. ) ;
#1591 = DIRECTION ( 'NONE',  ( -1.000000000000000000, 0.000000000000000000, 0.000000000000000000 ) ) ;
#1592 = ORIENTED_EDGE ( 'NONE', *, *, #391, .F. ) ;
#1593 = DIRECTION ( 'NONE',  ( 0.000000000000000000, 0.000000000000000000, 1.000000000000000000 ) ) ;
#1594 = EDGE_CURVE ( 'NONE', #266, #1741, #595, .T. ) ;
#1595 = DIRECTION ( 'NONE',  ( 1.000000000000000000, -0.000000000000000000, -0.000000000000000000 ) ) ;
#1596 = VECTOR ( 'NONE', #322, 1000.000000000000000 ) ;
#1597 = VERTEX_POINT ( 'NONE', #28 ) ;
#1598 = AXIS2_PLACEMENT_3D ( 'NONE', #4, #37, #1043 ) ;
#1599 = CIRCLE ( 'NONE', #1086, 2.249999999999995115 ) ;
#1600 = CARTESIAN_POINT ( 'NONE',  ( 29.63296588785049224, 0.000000000000000000, 0.000000000000000000 ) ) ;
#1601 = EDGE_LOOP ( 'NONE', ( #374, #196, #1774, #1230 ) ) ;
#1602 = CIRCLE ( 'NONE', #1682, 1.024999999999999911 ) ;
#1603 = ADVANCED_FACE ( 'NONE', ( #1024 ), #147, .F. ) ;
#1604 = VERTEX_POINT ( 'NONE', #744 ) ;
#1605 = CARTESIAN_POINT ( 'NONE',  ( -11.36703411214950954, 0.000000000000000000, 0.000000000000000000 ) ) ;
#1606 = ORIENTED_EDGE ( 'NONE', *, *, #557, .T. ) ;
#1607 = CARTESIAN_POINT ( 'NONE',  ( 31.13296588785049224, 0.000000000000000000, 0.000000000000000000 ) ) ;
#1608 = ORIENTED_EDGE ( 'NONE', *, *, #569, .T. ) ;
#1609 = CARTESIAN_POINT ( 'NONE',  ( 29.63296588785049224, 0.000000000000000000, 5.458499999999999908 ) ) ;
#1610 = ORIENTED_EDGE ( 'NONE', *, *, #1178, .T. ) ;
#1611 = AXIS2_PLACEMENT_3D ( 'NONE', #1546, #835, #1415 ) ;
#1612 = ADVANCED_FACE ( 'NONE', ( #958 ), #210, .F. ) ;
#1613 = CARTESIAN_POINT ( 'NONE',  ( 29.63296588785049224, 7.347880794884120722E-16, -6.000000000000000888 ) ) ;
#1614 = DIRECTION ( 'NONE',  ( 0.000000000000000000, 0.000000000000000000, 1.000000000000000000 ) ) ;
#1615 = VECTOR ( 'NONE', #203, 1000.000000000000000 ) ;
#1616 = DIRECTION ( 'NONE',  ( 1.000000000000000000, 0.000000000000000000, 0.000000000000000000 ) ) ;
#1617 = ORIENTED_EDGE ( 'NONE', *, *, #1407, .F. ) ;
#1618 = ADVANCED_FACE ( 'NONE', ( #772 ), #234, .F. ) ;
#1619 = CIRCLE ( 'NONE', #1111, 17.00000000000000355 ) ;
#1620 = EDGE_CURVE ( 'NONE', #671, #1255, #79, .T. ) ;
#1621 = DIRECTION ( 'NONE',  ( -1.000000000000000000, -0.000000000000000000, -0.000000000000000000 ) ) ;
#1622 = DIRECTION ( 'NONE',  ( -1.000000000000000000, -0.000000000000000000, -0.000000000000000000 ) ) ;
#1623 = FACE_OUTER_BOUND ( 'NONE', #110, .T. ) ;
#1624 = DIRECTION ( 'NONE',  ( -1.000000000000000000, -0.000000000000000000, -0.000000000000000000 ) ) ;
#1625 = VERTEX_POINT ( 'NONE', #414 ) ;
#1626 = CYLINDRICAL_SURFACE ( 'NONE', #1140, 5.000000000000000000 ) ;
#1627 = CARTESIAN_POINT ( 'NONE',  ( 24.63296588785049224, 11.47483660014381179, 6.624999999999999112 ) ) ;
#1628 = EDGE_LOOP ( 'NONE', ( #385, #75, #1095, #631 ) ) ;
#1629 = EDGE_LOOP ( 'NONE', ( #1244, #690, #945, #410 ) ) ;
#1630 = DIRECTION ( 'NONE',  ( 0.000000000000000000, 0.000000000000000000, 1.000000000000000000 ) ) ;
#1631 = ORIENTED_EDGE ( 'NONE', *, *, #1525, .F. ) ;
#1632 = ORIENTED_EDGE ( 'NONE', *, *, #681, .T. ) ;
#1633 = DIRECTION ( 'NONE',  ( -1.000000000000000000, -0.000000000000000000, -0.000000000000000000 ) ) ;
#1634 = DIRECTION ( 'NONE',  ( 0.000000000000000000, 0.000000000000000000, 1.000000000000000000 ) ) ;
#1635 = AXIS2_PLACEMENT_3D ( 'NONE', #897, #1291, #465 ) ;
#1636 = AXIS2_PLACEMENT_3D ( 'NONE', #29, #791, #1669 ) ;
#1637 = DIRECTION ( 'NONE',  ( -1.000000000000000000, -0.000000000000000000, -0.000000000000000000 ) ) ;
#1638 = VERTEX_POINT ( 'NONE', #1280 ) ;
#1639 = DIRECTION ( 'NONE',  ( -1.000000000000000000, -0.000000000000000000, -0.000000000000000000 ) ) ;
#1640 = ORIENTED_EDGE ( 'NONE', *, *, #954, .T. ) ;
#1641 = DIRECTION ( 'NONE',  ( 1.000000000000000000, 0.000000000000000000, 0.000000000000000000 ) ) ;
#1642 = COORDINATED_UNIVERSAL_TIME_OFFSET ( 2, 0, .AHEAD. ) ;
#1643 = DIRECTION ( 'NONE',  ( 0.000000000000000000, 0.000000000000000000, 1.000000000000000000 ) ) ;
#1644 = CIRCLE ( 'NONE', #208, 6.999999999999976907 ) ;
#1645 = DIRECTION ( 'NONE',  ( 0.000000000000000000, 0.000000000000000000, 1.000000000000000000 ) ) ;
#1646 = FACE_OUTER_BOUND ( 'NONE', #698, .T. ) ;
#1647 = AXIS2_PLACEMENT_3D ( 'NONE', #610, #23, #1614 ) ;
#1648 = EDGE_LOOP ( 'NONE', ( #545, #1080 ) ) ;
#1649 = CYLINDRICAL_SURFACE ( 'NONE', #506, 5.458499999999999908 ) ;
#1650 = DIRECTION ( 'NONE',  ( -1.000000000000000000, -0.000000000000000000, -0.000000000000000000 ) ) ;
#1651 = ORIENTED_EDGE ( 'NONE', *, *, #1620, .T. ) ;
#1652 = FACE_BOUND ( 'NONE', #650, .T. ) ;
#1653 = ORIENTED_EDGE ( 'NONE', *, *, #1258, .T. ) ;
#1654 = EDGE_LOOP ( 'NONE', ( #1521, #1391, #320, #1249 ) ) ;
#1655 = VERTEX_POINT ( 'NONE', #1431 ) ;
#1656 = DIRECTION ( 'NONE',  ( -1.000000000000000000, -0.000000000000000000, -0.000000000000000000 ) ) ;
#1657 = CARTESIAN_POINT ( 'NONE',  ( -2.367034112149507319, -6.000000000000050626, -10.39230484541323918 ) ) ;
#1658 = EDGE_CURVE ( 'NONE', #426, #1597, #188, .T. ) ;
#1659 = CARTESIAN_POINT ( 'NONE',  ( 15.63296588785049046, 5.265981236333618470E-16, -4.299999999999999822 ) ) ;
#1660 = DIRECTION ( 'NONE',  ( -1.000000000000000000, -0.000000000000000000, -0.000000000000000000 ) ) ;
#1661 = DATE_TIME_ROLE ( 'classification_date' ) ;
#1662 = DIRECTION ( 'NONE',  ( 1.000000000000000000, 0.000000000000000000, 0.000000000000000000 ) ) ;
#1663 = APPROVAL_DATE_TIME ( #321, #422 ) ;
#1664 = VECTOR ( 'NONE', #195, 1000.000000000000000 ) ;
#1665 = CYLINDRICAL_SURFACE ( 'NONE', #1833, 1.025000000000000577 ) ;
#1666 = APPLICATION_PROTOCOL_DEFINITION ( 'international standard', 'config_control_design', 1994, #932 ) ;
#1667 = VECTOR ( 'NONE', #656, 1000.000000000000000 ) ;
#1668 = PRODUCT_DEFINITION_FORMATION_WITH_SPECIFIED_SOURCE ( 'ANY', '', #1712, .NOT_KNOWN. ) ;
#1669 = DIRECTION ( 'NONE',  ( 0.000000000000000000, 0.000000000000000000, 1.000000000000000000 ) ) ;
#1670 = ORIENTED_EDGE ( 'NONE', *, *, #819, .T. ) ;
#1671 = FACE_BOUND ( 'NONE', #827, .T. ) ;
#1672 = AXIS2_PLACEMENT_3D ( 'NONE', #500, #769, #797 ) ;
#1673 = CARTESIAN_POINT ( 'NONE',  ( 29.63296588785049224, 0.000000000000000000, 0.000000000000000000 ) ) ;
#1674 = ORIENTED_EDGE ( 'NONE', *, *, #1794, .T. ) ;
#1675 = EDGE_CURVE ( 'NONE', #349, #361, #1849, .T. ) ;
#1676 = DIRECTION ( 'NONE',  ( 0.000000000000000000, 0.000000000000000000, 1.000000000000000000 ) ) ;
#1677 = VERTEX_POINT ( 'NONE', #312 ) ;
#1678 = CARTESIAN_POINT ( 'NONE',  ( -5.367034112149509539, 12.00000000000000178, 2.249999999999996891 ) ) ;
#1679 = CARTESIAN_POINT ( 'NONE',  ( -2.367034112149509983, 12.00000000000000178, -2.249999999999996891 ) ) ;
#1680 = PERSON_AND_ORGANIZATION_ROLE ( 'classification_officer' ) ;
#1681 = CARTESIAN_POINT ( 'NONE',  ( -8.367034112149511316, 0.000000000000000000, 0.000000000000000000 ) ) ;
#1682 = AXIS2_PLACEMENT_3D ( 'NONE', #528, #237, #1403 ) ;
#1683 = DIRECTION ( 'NONE',  ( -1.000000000000000000, -0.000000000000000000, -0.000000000000000000 ) ) ;
#1684 = LOCAL_TIME ( 17, 31, 18.00000000000000000, #372 ) ;
#1685 = PERSON_AND_ORGANIZATION_ROLE ( 'design_owner' ) ;
#1686 = PERSON_AND_ORGANIZATION ( #1273, #1801 ) ;
#1687 = DIRECTION ( 'NONE',  ( 0.000000000000000000, 0.000000000000000000, 1.000000000000000000 ) ) ;
#1688 = VECTOR ( 'NONE', #1041, 1000.000000000000000 ) ;
#1689 = FACE_BOUND ( 'NONE', #290, .T. ) ;
#1690 = CARTESIAN_POINT ( 'NONE',  ( -5.367034112149509539, 0.000000000000000000, 0.000000000000000000 ) ) ;
#1691 = VERTEX_POINT ( 'NONE', #849 ) ;
#1692 = FACE_OUTER_BOUND ( 'NONE', #892, .T. ) ;
#1693 = EDGE_CURVE ( 'NONE', #89, #767, #167, .T. ) ;
#1694 = ORIENTED_EDGE ( 'NONE', *, *, #132, .F. ) ;
#1695 = CIRCLE ( 'NONE', #927, 5.000000000000000000 ) ;
#1696 = DIRECTION ( 'NONE',  ( 0.000000000000000000, -0.8660254037844391517, 0.4999999999999992228 ) ) ;
#1697 = AXIS2_PLACEMENT_3D ( 'NONE', #1298, #452, #1593 ) ;
#1698 = DIRECTION ( 'NONE',  ( 1.000000000000000000, -0.000000000000000000, -0.000000000000000000 ) ) ;
#1699 = UNCERTAINTY_MEASURE_WITH_UNIT (LENGTH_MEASURE( 1.000000000000000082E-05 ), #378, 'distance_accuracy_value', 'NONE');
#1700 = CARTESIAN_POINT ( 'NONE',  ( -11.36703411214950954, 0.000000000000000000, 4.299999999999999822 ) ) ;
#1701 = CARTESIAN_POINT ( 'NONE',  ( -2.367034112149509983, 0.000000000000000000, 17.00000000000000355 ) ) ;
#1702 = ORIENTED_EDGE ( 'NONE', *, *, #1306, .T. ) ;
#1703 = CC_DESIGN_APPROVAL ( #1321, ( #503 ) ) ;
#1704 = AXIS2_PLACEMENT_3D ( 'NONE', #240, #389, #437 ) ;
#1705 = DATE_AND_TIME ( #1177, #999 ) ;
#1706 = DIRECTION ( 'NONE',  ( 1.000000000000000000, 0.000000000000000000, 0.000000000000000000 ) ) ;
#1707 = DIRECTION ( 'NONE',  ( -1.000000000000000000, -0.000000000000000000, -0.000000000000000000 ) ) ;
#1708 = LINE ( 'NONE', #618, #1664 ) ;
#1709 = VERTEX_POINT ( 'NONE', #1865 ) ;
#1710 = VECTOR ( 'NONE', #1163, 1000.000000000000000 ) ;
#1711 = CYLINDRICAL_SURFACE ( 'NONE', #1384, 10.09999999999999964 ) ;
#1712 = PRODUCT ( 'K01-P-003', 'K01-P-003', '', ( #1818 ) ) ;
#1713 = ORIENTED_EDGE ( 'NONE', *, *, #99, .F. ) ;
#1714 = CARTESIAN_POINT ( 'NONE',  ( -5.367034112149509539, -6.000000000000050626, -8.142304845413242731 ) ) ;
#1715 = VERTEX_POINT ( 'NONE', #1733 ) ;
#1716 = CIRCLE ( 'NONE', #599, 4.514999999999999680 ) ;
#1717 = CARTESIAN_POINT ( 'NONE',  ( 28.53296588785049082, 0.000000000000000000, 0.000000000000000000 ) ) ;
#1718 = EDGE_LOOP ( 'NONE', ( #1215, #826, #1189, #623 ) ) ;
#1719 = CARTESIAN_POINT ( 'NONE',  ( 31.13296588785049224, 7.347880794884120722E-16, -6.000000000000000888 ) ) ;
#1720 = EDGE_CURVE ( 'NONE', #1301, #1677, #351, .T. ) ;
#1721 = ORIENTED_EDGE ( 'NONE', *, *, #199, .F. ) ;
#1722 = CARTESIAN_POINT ( 'NONE',  ( 15.63296588785049046, 0.000000000000000000, 0.000000000000000000 ) ) ;
#1723 = SECURITY_CLASSIFICATION ( '', '', #1517 ) ;
#1724 = ORIENTED_EDGE ( 'NONE', *, *, #1349, .T. ) ;
#1725 = DIRECTION ( 'NONE',  ( 0.000000000000000000, 0.000000000000000000, 1.000000000000000000 ) ) ;
#1726 = EDGE_LOOP ( 'NONE', ( #1293, #942, #1702, #566 ) ) ;
#1727 = PLANE ( 'NONE',  #1251 ) ;
#1728 = CARTESIAN_POINT ( 'NONE',  ( 24.63296588785049224, -0.8876760388790482237, -12.73750000000000249 ) ) ;
#1729 = CARTESIAN_POINT ( 'NONE',  ( -2.367034112149509983, 12.00000000000000178, 2.249999999999996891 ) ) ;
#1730 = AXIS2_PLACEMENT_3D ( 'NONE', #392, #833, #742 ) ;
#1731 = PLANE ( 'NONE',  #1190 ) ;
#1732 = PERSON_AND_ORGANIZATION ( #1273, #1801 ) ;
#1733 = CARTESIAN_POINT ( 'NONE',  ( -5.367034112149509539, 0.000000000000000000, 5.000000000000000000 ) ) ;
#1734 = CALENDAR_DATE ( 2026, 7, 9 ) ;
#1735 = AXIS2_PLACEMENT_3D ( 'NONE', #1657, #198, #482 ) ;
#1736 = ADVANCED_FACE ( 'NONE', ( #912 ), #1250, .T. ) ;
#1737 = LINE ( 'NONE', #677, #1354 ) ;
#1738 = CARTESIAN_POINT ( 'NONE',  ( 3.632965887850489572, 0.000000000000000000, 0.000000000000000000 ) ) ;
#1739 = LINE ( 'NONE', #1778, #1355 ) ;
#1740 = DIRECTION ( 'NONE',  ( 0.000000000000000000, 0.000000000000000000, 1.000000000000000000 ) ) ;
#1741 = VERTEX_POINT ( 'NONE', #337 ) ;
#1742 = LINE ( 'NONE', #1373, #845 ) ;
#1743 = EDGE_LOOP ( 'NONE', ( #1874, #1188 ) ) ;
#1744 = VECTOR ( 'NONE', #1595, 1000.000000000000000 ) ;
#1745 = AXIS2_PLACEMENT_3D ( 'NONE', #908, #915, #342 ) ;
#1746 = ADVANCED_FACE ( 'NONE', ( #1303, #301 ), #1509, .T. ) ;
#1747 = DIRECTION ( 'NONE',  ( 1.000000000000000000, 0.000000000000000000, 0.000000000000000000 ) ) ;
#1748 = AXIS2_PLACEMENT_3D ( 'NONE', #616, #1165, #454 ) ;
#1749 = ORIENTED_EDGE ( 'NONE', *, *, #1658, .T. ) ;
#1750 = ADVANCED_FACE ( 'NONE', ( #484 ), #1374, .F. ) ;
#1751 = EDGE_LOOP ( 'NONE', ( #1119, #1610, #18, #604 ) ) ;
#1752 = DIRECTION ( 'NONE',  ( -1.000000000000000000, -0.000000000000000000, -0.000000000000000000 ) ) ;
#1753 = DIRECTION ( 'NONE',  ( 0.000000000000000000, 0.000000000000000000, -1.000000000000000000 ) ) ;
#1754 = EDGE_CURVE ( 'NONE', #564, #1589, #642, .T. ) ;
#1755 = CC_DESIGN_PERSON_AND_ORGANIZATION_ASSIGNMENT ( #77, #812, ( #588 ) ) ;
#1756 = VECTOR ( 'NONE', #1656, 1000.000000000000000 ) ;
#1757 = FACE_OUTER_BOUND ( 'NONE', #1033, .T. ) ;
#1758 = ORIENTED_EDGE ( 'NONE', *, *, #1530, .T. ) ;
#1759 = CARTESIAN_POINT ( 'NONE',  ( 29.63296588785049224, 0.000000000000000000, 0.000000000000000000 ) ) ;
#1760 = CIRCLE ( 'NONE', #180, 7.000000000000000000 ) ;
#1761 = EDGE_CURVE ( 'NONE', #431, #1342, #1644, .T. ) ;
#1762 = EDGE_LOOP ( 'NONE', ( #1020, #817 ) ) ;
#1763 = LINE ( 'NONE', #1577, #605 ) ;
#1764 = EDGE_LOOP ( 'NONE', ( #654, #85, #580, #1535 ) ) ;
#1765 = DIRECTION ( 'NONE',  ( 1.000000000000000000, 0.000000000000000000, 0.000000000000000000 ) ) ;
#1766 = ADVANCED_FACE ( 'NONE', ( #256 ), #1276, .F. ) ;
#1767 = CC_DESIGN_APPROVAL ( #80, ( #1668 ) ) ;
#1768 = VERTEX_POINT ( 'NONE', #638 ) ;
#1769 = AXIS2_PLACEMENT_3D ( 'NONE', #68, #1217, #363 ) ;
#1770 = EDGE_CURVE ( 'NONE', #361, #1219, #103, .T. ) ;
#1771 = ADVANCED_FACE ( 'NONE', ( #1328 ), #1202, .T. ) ;
#1772 = DIRECTION ( 'NONE',  ( 1.000000000000000000, 0.000000000000000000, 0.000000000000000000 ) ) ;
#1773 = CARTESIAN_POINT ( 'NONE',  ( 24.63296588785049224, 1.734723475976807094E-15, -13.25000000000000178 ) ) ;
#1774 = ORIENTED_EDGE ( 'NONE', *, *, #764, .T. ) ;
#1775 = ORIENTED_EDGE ( 'NONE', *, *, #1565, .F. ) ;
#1776 = CALENDAR_DATE ( 2026, 7, 9 ) ;
#1777 = CALENDAR_DATE ( 2026, 7, 9 ) ;
#1778 = CARTESIAN_POINT ( 'NONE',  ( 24.63296588785049224, -12.36251263902286546, 6.112499999999994493 ) ) ;
#1779 = EDGE_LOOP ( 'NONE', ( #353, #367 ) ) ;
#1780 = EDGE_LOOP ( 'NONE', ( #844, #340 ) ) ;
#1781 = VECTOR ( 'NONE', #1399, 1000.000000000000000 ) ;
#1782 = AXIS2_PLACEMENT_3D ( 'NONE', #27, #592, #749 ) ;
#1783 = FACE_BOUND ( 'NONE', #1518, .T. ) ;
#1784 = ORIENTED_EDGE ( 'NONE', *, *, #491, .F. ) ;
#1785 = CARTESIAN_POINT ( 'NONE',  ( -5.367034112149509539, 0.000000000000000000, 0.000000000000000000 ) ) ;
#1786 = ORIENTED_EDGE ( 'NONE', *, *, #1530, .F. ) ;
#1787 = CIRCLE ( 'NONE', #1808, 2.249999999999996891 ) ;
#1788 = EDGE_CURVE ( 'NONE', #1625, #1045, #1708, .T. ) ;
#1789 = ORIENTED_EDGE ( 'NONE', *, *, #1620, .F. ) ;
#1790 = VECTOR ( 'NONE', #704, 1000.000000000000000 ) ;
#1791 = CARTESIAN_POINT ( 'NONE',  ( -11.36703411214950954, 3.429011037612588783E-16, -2.799999999999999822 ) ) ;
#1792 = CARTESIAN_POINT ( 'NONE',  ( -2.367034112149507319, -6.000000000000050626, -10.39230484541323918 ) ) ;
#1793 = DIRECTION ( 'NONE',  ( -1.000000000000000000, -0.000000000000000000, -0.000000000000000000 ) ) ;
#1794 = EDGE_CURVE ( 'NONE', #182, #1343, #1571, .T. ) ;
#1795 = EDGE_LOOP ( 'NONE', ( #869, #1617 ) ) ;
#1796 = CARTESIAN_POINT ( 'NONE',  ( 29.63296588785049224, -12.36251263902286546, 6.112499999999994493 ) ) ;
#1797 = AXIS2_PLACEMENT_3D ( 'NONE', #432, #1352, #608 ) ;
#1798 = CARTESIAN_POINT ( 'NONE',  ( 31.13296588785049224, 7.347880794884120722E-16, -6.000000000000000888 ) ) ;
#1799 = EDGE_LOOP ( 'NONE', ( #106, #223 ) ) ;
#1800 = CARTESIAN_POINT ( 'NONE',  ( -5.367034112149509539, 0.000000000000000000, 0.000000000000000000 ) ) ;
#1801 = ORGANIZATION ( 'UNSPECIFIED', 'UNSPECIFIED', '' ) ;
#1802 = ORIENTED_EDGE ( 'NONE', *, *, #1193, .T. ) ;
#1803 = DIRECTION ( 'NONE',  ( -1.000000000000000000, -0.000000000000000000, -0.000000000000000000 ) ) ;
#1804 = VECTOR ( 'NONE', #1793, 1000.000000000000000 ) ;
#1805 = CC_DESIGN_PERSON_AND_ORGANIZATION_ASSIGNMENT ( #56, #959, ( #503 ) ) ;
#1806 = DIRECTION ( 'NONE',  ( 0.000000000000000000, 0.8660254037844382635, 0.5000000000000005551 ) ) ;
#1807 = CIRCLE ( 'NONE', #1598, 3.950000000000000178 ) ;
#1808 = AXIS2_PLACEMENT_3D ( 'NONE', #1218, #480, #643 ) ;
#1809 = CIRCLE ( 'NONE', #24, 2.249999999999996891 ) ;
#1810 = DIRECTION ( 'NONE',  ( -1.000000000000000000, -0.000000000000000000, -0.000000000000000000 ) ) ;
#1811 = ORIENTED_EDGE ( 'NONE', *, *, #524, .F. ) ;
#1812 = VECTOR ( 'NONE', #1327, 1000.000000000000000 ) ;
#1813 = APPROVAL_ROLE ( '' ) ;
#1814 = EDGE_LOOP ( 'NONE', ( #1442, #329, #1248, #900 ) ) ;
#1815 = CARTESIAN_POINT ( 'NONE',  ( 31.13296588785049224, 8.633759933988839975E-16, -7.049999999999999822 ) ) ;
#1816 = CARTESIAN_POINT ( 'NONE',  ( -5.367034112149509539, 0.000000000000000000, 0.000000000000000000 ) ) ;
#1817 = ORIENTED_EDGE ( 'NONE', *, *, #719, .T. ) ;
#1818 = MECHANICAL_CONTEXT ( 'NONE', #220, 'mechanical' ) ;
#1819 = DIRECTION ( 'NONE',  ( 0.000000000000000000, 0.000000000000000000, -1.000000000000000000 ) ) ;
#1820 = EDGE_CURVE ( 'NONE', #1117, #1691, #122, .T. ) ;
#1821 = SECURITY_CLASSIFICATION ( '', '', #655 ) ;
#1822 = DATE_TIME_ROLE ( 'creation_date' ) ;
#1823 = DIRECTION ( 'NONE',  ( 0.000000000000000000, 0.8660254037844382635, 0.5000000000000005551 ) ) ;
#1824 = ORIENTED_EDGE ( 'NONE', *, *, #628, .F. ) ;
#1825 = APPROVAL_PERSON_ORGANIZATION ( #617, #552, #1828 ) ;
#1826 = CARTESIAN_POINT ( 'NONE',  ( 2.682965887850491615, 0.000000000000000000, 3.500000000000000000 ) ) ;
#1827 = FACE_OUTER_BOUND ( 'NONE', #384, .T. ) ;
#1828 = APPROVAL_ROLE ( '' ) ;
#1829 = CYLINDRICAL_SURFACE ( 'NONE', #952, 2.249999999999995115 ) ;
#1830 = EDGE_CURVE ( 'NONE', #757, #1741, #862, .T. ) ;
#1831 = ORIENTED_EDGE ( 'NONE', *, *, #585, .F. ) ;
#1832 = CIRCLE ( 'NONE', #346, 2.249999999999996891 ) ;
#1833 = AXIS2_PLACEMENT_3D ( 'NONE', #57, #1365, #1806 ) ;
#1834 = CARTESIAN_POINT ( 'NONE',  ( 28.53296588785049082, 0.000000000000000000, 0.000000000000000000 ) ) ;
#1835 = ORIENTED_EDGE ( 'NONE', *, *, #881, .T. ) ;
#1836 = CIRCLE ( 'NONE', #609, 4.299999999999999822 ) ;
#1837 = APPLICATION_CONTEXT ( 'configuration controlled 3d designs of mechanical parts and assemblies' ) ;
#1838 = CARTESIAN_POINT ( 'NONE',  ( 24.63296588785049224, 11.47483660014381179, 6.624999999999999112 ) ) ;
#1839 = CARTESIAN_POINT ( 'NONE',  ( 29.63296588785049224, 0.000000000000000000, 0.000000000000000000 ) ) ;
#1840 = DIRECTION ( 'NONE',  ( 1.000000000000000000, 0.000000000000000000, 0.000000000000000000 ) ) ;
#1841 = ORIENTED_EDGE ( 'NONE', *, *, #1034, .T. ) ;
#1842 = AXIS2_PLACEMENT_3D ( 'NONE', #1088, #921, #544 ) ;
#1843 = CARTESIAN_POINT ( 'NONE',  ( -2.367034112149507319, -6.000000000000050626, -8.142304845413242731 ) ) ;
#1844 = DIRECTION ( 'NONE',  ( -1.000000000000000000, 0.000000000000000000, -0.000000000000000000 ) ) ;
#1845 = AXIS2_PLACEMENT_3D ( 'NONE', #1053, #1641, #1500 ) ;
#1846 = DIRECTION ( 'NONE',  ( -1.000000000000000000, -0.000000000000000000, -0.000000000000000000 ) ) ;
#1847 = APPROVAL_DATE_TIME ( #418, #1321 ) ;
#1848 = ORIENTED_EDGE ( 'NONE', *, *, #569, .F. ) ;
#1849 = CIRCLE ( 'NONE', #1358, 4.514999999999999680 ) ;
#1850 = DIRECTION ( 'NONE',  ( 0.000000000000000000, 0.000000000000000000, -1.000000000000000000 ) ) ;
#1851 = CIRCLE ( 'NONE', #306, 16.50000000000000000 ) ;
#1852 = DIRECTION ( 'NONE',  ( 1.000000000000000000, -0.000000000000000000, -0.000000000000000000 ) ) ;
#1853 = LINE ( 'NONE', #1040, #283 ) ;
#1854 = EDGE_CURVE ( 'NONE', #561, #1085, #821, .T. ) ;
#1855 = ORIENTED_EDGE ( 'NONE', *, *, #1754, .T. ) ;
#1856 = FACE_BOUND ( 'NONE', #646, .T. ) ;
#1857 = CARTESIAN_POINT ( 'NONE',  ( 29.63296588785049224, 0.000000000000000000, 0.000000000000000000 ) ) ;
#1858 = ORIENTED_EDGE ( 'NONE', *, *, #1197, .F. ) ;
#1859 = DIRECTION ( 'NONE',  ( -1.000000000000000000, 0.000000000000000000, 0.000000000000000000 ) ) ;
#1860 = VERTEX_POINT ( 'NONE', #1348 ) ;
#1861 = ORIENTED_EDGE ( 'NONE', *, *, #1317, .F. ) ;
#1862 = DIRECTION ( 'NONE',  ( -1.000000000000000000, -0.000000000000000000, -0.000000000000000000 ) ) ;
#1863 = AXIS2_PLACEMENT_3D ( 'NONE', #1100, #1844, #253 ) ;
#1864 = DIRECTION ( 'NONE',  ( -1.000000000000000000, -0.000000000000000000, -0.000000000000000000 ) ) ;
#1865 = CARTESIAN_POINT ( 'NONE',  ( 28.53296588785049082, 0.000000000000000000, -8.000000000000000000 ) ) ;
#1866 = DIRECTION ( 'NONE',  ( 0.000000000000000000, 0.000000000000000000, 1.000000000000000000 ) ) ;
#1867 = EDGE_CURVE ( 'NONE', #714, #1075, #529, .T. ) ;
#1868 = APPROVAL_DATE_TIME ( #254, #552 ) ;
#1869 = DIRECTION ( 'NONE',  ( 0.000000000000000000, 0.000000000000000000, 1.000000000000000000 ) ) ;
#1870 = LINE ( 'NONE', #344, #420 ) ;
#1871 = CARTESIAN_POINT ( 'NONE',  ( 2.682965887850491615, 0.000000000000000000, 0.000000000000000000 ) ) ;
#1872 = VECTOR ( 'NONE', #1698, 1000.000000000000000 ) ;
#1873 = EDGE_LOOP ( 'NONE', ( #1640, #887, #492, #61 ) ) ;
#1874 = ORIENTED_EDGE ( 'NONE', *, *, #938, .T. ) ;
#1875 = CIRCLE ( 'NONE', #479, 2.249999999999996891 ) ;
#1876 = EDGE_LOOP ( 'NONE', ( #776, #1428, #1213, #1228 ) ) ;
#1877 = ADVANCED_FACE ( 'NONE', ( #1199 ), #1132, .T. ) ;
#1878 = DIRECTION ( 'NONE',  ( 0.000000000000000000, 0.000000000000000000, 1.000000000000000000 ) ) ;
#1879 = AXIS2_PLACEMENT_3D ( 'NONE', #771, #635, #779 ) ;
ENDSEC;
END-ISO-10303-21;
